"Event.Number","Record","Event.Time..s.","Baseline..pA.","Peak..pA.","Amplitude..pA.","Rise.Time..ms.","Half.Width..ms.","Decay.Time..ms.","Decay.Fit.b0","Decay.Fit.b1","Decay.Fit.Tau..ms.","AUC..pA.ms.","rise_max_time","baseline_time","event_index","file_prefix","event_id","noise","event_entry_number"
1,0,0.22775,-20.3848558952065,-26.1098744024207,-5.72501850721419,0.149999999999983,30.4,30,-13175.0793328987,13156.2508934995,213839.424859646,17.3915233986935,0.2276,0.22715,4555,"2026_01_22_0016","2026_01_22_0016_ev00001_rec0","no",357106
2,0,1.505,-30.4216278150528,-35.4241446292142,-5.00251681416139,0.099999999999989,0.0500000000001055,0,-21.1363331300572,-9.68405540287126,33.7688560285772,85.2213045750757,1.5049,1.5047,30100,"2026_01_22_0016","2026_01_22_0016_ev00002_rec0","no",357107
3,0,1.54525,-22.7592176001869,-25.9418024366342,-3.1825848364473,0.299999999999967,0.299999999999967,0.500000000000167,-20.4164646210887,-3.59515377267532,23.240827372973,8.0842079709457,1.54525,1.5449,30905,"2026_01_22_0016","2026_01_22_0016_ev00003_rec0","no",357108
4,0,2.8535,-16.0699651052929,-21.7448152257762,-5.6748501204833,1.24999999999975,31.65,29.9999999999998,-19.9580930993773,-3.87362910314332,5.77093169858447,-151.37799000845,2.85285,2.8515,57070,"2026_01_22_0016","2026_01_22_0016_ev00004_rec0","no",357109
5,0,2.8887,-20.5003563238588,-30.1156079337346,-9.61525160987576,0.649999999999817,27.0000000000001,20.2,-97836.1016214545,97816.102960072,486363.264721084,-79.6317416161018,2.8887,2.88785,57774,"2026_01_22_0016","2026_01_22_0016_ev00005_rec0","no",357110
6,0,2.92985,-28.789157107828,-31.8116763438926,-3.02251923606463,0.849999999999795,0.350000000000072,0,-21.8306542370998,-6.00491599093037,23.679482519485,105.872356603857,2.9298,2.9288,58597,"2026_01_22_0016","2026_01_22_0016_ev00006_rec0","no",357111
7,0,3.76805,-27.9650212441442,-30.3262151590184,-2.36119391487414,0.649999999999817,17.2499999999998,16.0499999999999,-147377.087789113,147353.217321806,475485.616424599,-19.9816761959639,3.767,3.76575,75361,"2026_01_22_0016","2026_01_22_0016_ev00007_rec0","no",357112
8,0,5.70485,-19.7930625665685,-22.9186517308825,-3.12558916431397,2.4999999999995,21.6500000000002,24.8999999999997,-12.7423092894222,-10.5916152326115,97.5759348525736,-80.388942154177,5.70385,5.70135,114097,"2026_01_22_0016","2026_01_22_0016_ev00008_rec0","no",357113
9,0,5.81135,-24.9440811935404,-28.784008596875,-3.8399274033346,0.199999999999534,0.299999999999301,0,-20.5929073436266,-4.77017540808936,14.4120468424042,69.566857186346,5.81135,5.811,116227,"2026_01_22_0016","2026_01_22_0016_ev00009_rec0","no",357114
10,0,5.9275,-23.1695641339776,-26.9994581387966,-3.82989400481892,0.0999999999997669,4.99999999999989,7.69999999999982,-18.4589496171427,-7.46587248125633,39.0526816784519,-18.9351085268959,5.92645,5.92635,118550,"2026_01_22_0016","2026_01_22_0016_ev00010_rec0","no",357115
11,0,6.2587,-28.4781759763669,-32.4571067029864,-3.97893072661949,0.750000000000028,1.99999999999978,0,16.1483272088192,-45.0239647348065,237.44327552774,66.5151996171739,6.2577,6.2554,125174,"2026_01_22_0016","2026_01_22_0016_ev00011_rec0","no",357116
12,0,6.6214,-22.6654059489638,-26.0940834954783,-3.42867754651451,0.0999999999997669,1.19999999999987,0.899999999999679,-21.2953918890247,-6.06937245276246,1.07024109754798,33.1342825071423,6.6214,6.62075,132428,"2026_01_22_0016","2026_01_22_0016_ev00012_rec0","no",357117
13,0,6.669,-23.0839022589393,-28.1883547965926,-5.10445253765327,0.0499999999998835,0.500000000000611,0,-19.461414060741,-3.18315560714037,4.64006956462476,93.142221776159,6.66885,6.6683,133380,"2026_01_22_0016","2026_01_22_0016_ev00013_rec0","no",357118
14,0,7.40345,-21.4959786878754,-31.6704232947629,-10.1744446068876,6.54999999999983,25.2999999999997,25.2499999999998,-20.5929005328664,-10.9519442744664,29.6305467888147,-248.904004047776,7.4006,7.39395,148069,"2026_01_22_0016","2026_01_22_0016_ev00014_rec0","no",357119
15,0,8.3003,-17.8079736342635,-31.77857179853,-13.9705981642665,10.9000000000012,25.7000000000005,29.9999999999994,-24.5425053573734,-3.86142086534922,7.3764032429422,-373.088348563785,8.2997,8.284,166006,"2026_01_22_0016","2026_01_22_0016_ev00015_rec0","no",357120
16,0,9.38495,-24.1279876341511,-26.5667134052874,-2.43872577113634,0.999999999999446,1.45000000000017,0.750000000000028,-20.21997357058,-4.96211606739082,24.3867026128411,27.3341323134719,9.384,9.383,187699,"2026_01_22_0016","2026_01_22_0016_ev00016_rec0","no",357121
17,0,9.4078,-22.3551419439765,-24.7931814614964,-2.43803951751985,0.150000000001427,21.2000000000003,18.6499999999992,-32146.8113555888,32126.108985797,234676.407703642,-12.7338016006695,9.40775,9.4075,188156,"2026_01_22_0016","2026_01_22_0016_ev00017_rec0","no",357122
18,0,9.8459,-21.7212787493474,-25.0289346872546,-3.30765593790717,0.249999999999417,0.799999999999912,1.30000000000052,-20.5873890768114,-3.11917842900244,4.63804399969816,18.344677940723,9.84585,9.8456,196918,"2026_01_22_0016","2026_01_22_0016_ev00018_rec0","no",357123
19,0,10.01965,-20.8536770230248,-26.2451152801514,-5.39143825712658,0.0499999999998835,0.249999999999417,0,-19.8460379475111,-2.6770600040261,4.24239280002687,18.0562263091405,10.01965,10.01935,200393,"2026_01_22_0016","2026_01_22_0016_ev00019_rec0","no",357124
20,0,10.24,-21.2024493444534,-25.6347637176514,-4.43231437319801,0.549999999998718,0.449999999998951,0,-18.4145281274917,-3.72334098400178,5.5580061581468,62.1675600188119,10.24,10.23945,204800,"2026_01_22_0016","2026_01_22_0016_ev00020_rec0","no",357125
21,0,10.80115,-25.9108751387823,-32.04345703125,-6.13258189246768,0.150000000001427,0.0499999999998835,0,-23.529463451486,-3.72995605483475,3.35103187127444,58.5879340285347,10.80115,10.801,216023,"2026_01_22_0016","2026_01_22_0016_ev00021_rec0","no",357126
22,0,10.8305,-25.1987983158657,-31.4331035614014,-6.23430524553572,0.0499999999998835,0.199999999999534,0,-18.242206937932,-7.98763190024983,15.4767549586639,102.002810703005,10.83035,10.8303,216610,"2026_01_22_0016","2026_01_22_0016_ev00022_rec0","no",357127
23,0,11.2712,-17.7001953125,-22.2778301239014,-4.57763481140137,0.399999999999068,30.3000000000004,30.0000000000011,-21.7345487266169,-1.30501319037097,2.58030931857433,-127.044631290436,11.2712,11.2708,225424,"2026_01_22_0016","2026_01_22_0016_ev00023_rec0","no",357128
24,0,11.7631,-23.8909022013346,-26.8554668426514,-2.96456464131673,0.0999999999997669,0.150000000001427,0,-20.6499588665543,-2.85330856118282,7.09341241008579,76.8160012245179,11.763,11.76285,235262,"2026_01_22_0016","2026_01_22_0016_ev00024_rec0","no",357129
25,0,11.8671,-23.4694689796084,-25.6347637176514,-2.16529473804292,0.300000000001077,0.899999999999679,0.750000000000028,-21.4116892299669,-4.6920668442732,1.46995518610703,54.2762296222505,11.86695,11.86665,237342,"2026_01_22_0016","2026_01_22_0016_ev00025_rec0","no",357130
26,0,12.1036,-23.4985333397275,-31.7382793426514,-8.23974600292387,0.0999999999997669,0.0499999999998835,0.0999999999997669,-22.0231618873271,-4.706796167435,2.83604978285885,30.1132151921591,12.1036,12.1033,242072,"2026_01_22_0016","2026_01_22_0016_ev00026_rec0","no",357131
27,0,12.20795,-25.1552017756871,-27.4658184051514,-2.31061662946428,2.2000000000002,2.65000000000093,1.10000000000099,-21.2191791711803,-5.44713568014873,8.42677115490066,71.8470907279424,12.20795,12.2056,244159,"2026_01_22_0016","2026_01_22_0016_ev00027_rec0","no",357132
28,0,12.26915,-18.00537109375,-21.3623027801514,-3.35693168640137,0.0499999999998835,0.600000000000378,0.0499999999998835,-20.0968415111139,-1.26538737303908,1e-07,-65.7500890731812,12.26855,12.2685,245383,"2026_01_22_0016","2026_01_22_0016_ev00028_rec0","no",357133
29,0,12.3684,-19.0080907458351,-25.0244121551514,-6.01632140931629,0.449999999998951,0.949999999999562,1.1499999999991,-18.8572333838884,-3.8774772382592,2.34147943467523,-6.92312939507623,12.36815,12.3677,247368,"2026_01_22_0016","2026_01_22_0016_ev00029_rec0","no",357134
30,0,12.93445,-14.3432607650757,-18.310546875,-3.96728610992432,0.550000000000495,10.6000000000002,9.45000000000107,-18.551950124534,-3.89858087281862,0.266156698048392,-134.323130488396,12.9335,12.93295,258689,"2026_01_22_0016","2026_01_22_0016_ev00030_rec0","no",357135
31,0,12.96945,-18.2960145132882,-24.1088848114014,-5.81287029811314,0.199999999999534,0.849999999999795,1.40000000000029,-18.8797467945067,-3.70757136348302,1.63489838964699,-25.1537287167141,12.9692,12.969,259389,"2026_01_22_0016","2026_01_22_0016_ev00031_rec0","no",357136
32,0,13.04945,-20.5194368816557,-25.0244121551514,-4.50497527349563,0.399999999999068,0.799999999999912,0.650000000000261,-18.2690131218456,-6.97275036539394,1.11448925439925,58.0691174995332,13.0494,13.04895,260989,"2026_01_22_0016","2026_01_22_0016_ev00032_rec0","no",357137
33,0,13.4714,-15.5639638900757,-20.1415996551514,-4.57763576507568,0.400000000000844,0.0999999999997669,0.0499999999998835,-17.5918585043068,-2.54905297510402,1e-07,-63.0645869493484,13.4714,13.471,269428,"2026_01_22_0016","2026_01_22_0016_ev00033_rec0","no",357138
34,0,13.7108,-23.3968079884847,-28.6865215301514,-5.28971354166667,0.250000000001194,0.599999999998602,0.550000000000495,-21.3291542192844,-5.89173286754822,1.49325179020529,52.2893140157063,13.7107,13.71045,274216,"2026_01_22_0016","2026_01_22_0016_ev00034_rec0","no",357139
35,0,13.7469,-24.7337685539609,-28.0761699676514,-3.34240141369047,0.199999999999534,0.14999999999965,0,-20.2882023356926,-5.37868199314297,7.85553597804686,91.4586236079534,13.74685,13.7466,274938,"2026_01_22_0016","2026_01_22_0016_ev00035_rec0","no",357140
36,0,13.8805,-26.7392094021752,-29.9072246551514,-3.16801525297619,0.0499999999998835,2.7500000000007,0,9437.24156291156,-9464.11038413771,83661.9744449867,42.0317860694159,13.87755,13.87715,277610,"2026_01_22_0016","2026_01_22_0016_ev00036_rec0","no",357141
37,0,13.89785,-23.6438552311489,-27.4658184051514,-3.82196317400251,0.249999999999417,0.299999999999301,0,-16.3787366578345,-8.35148828012467,73.5847414572407,11.3420043536595,13.89775,13.8975,277957,"2026_01_22_0016","2026_01_22_0016_ev00037_rec0","no",357142
38,0,14.57275,-19.9526821772257,-25.3295879364014,-5.37690575917562,0.550000000000495,1.50000000000006,1.89999999999912,-19.5771846718158,-4.06307471071209,3.53411424137987,-6.05265260537461,14.57265,14.5721,291455,"2026_01_22_0016","2026_01_22_0016_ev00038_rec0","no",357143
39,0,14.7327,-19.051687513079,-41.8090782165527,-22.7573907034738,5.64999999999927,23.4000000000005,29.9999999999994,-28.4652794063717,-6.80952290633064,7.99013168434988,-550.200298847471,14.7224,14.7167,294654,"2026_01_22_0016","2026_01_22_0016_ev00039_rec0","no",357144
40,0,14.75295,-29.9653536478678,-33.87451171875,-3.90915807088216,0.0999999999997669,0.0999999999997669,0,-6.83483053230496,-23.1274422036993,95.4365073171285,98.2706031640371,14.7529,14.7528,295059,"2026_01_22_0016","2026_01_22_0016_ev00040_rec0","no",357145
41,0,14.8732,-20.9844666435605,-23.4985332489014,-2.51406660534087,0.350000000000961,1.25000000000064,1.94999999999901,-19.8538659893207,-3.13166664505139,4.62859422925051,17.9000061398461,14.8732,14.87285,297464,"2026_01_22_0016","2026_01_22_0016_ev00041_rec0","no",357146
42,0,15.86255,-24.9372174455389,-31.9927659364122,-7.05554849087325,0.600000000000378,0.750000000000028,0,-21.3085904858595,-4.0767684518908,12.716158404795,59.3981457030765,15.86255,15.86125,317251,"2026_01_22_0016","2026_01_22_0016_ev00042_rec0","no",357147
43,0,16.26265,-22.6152755906775,-28.857167399438,-6.24189180876055,0.350000000000961,0.149999999997874,0,-20.9287738115716,-3.76712435392462,4.0586835550233,34.3159771181271,16.2626,16.26225,325253,"2026_01_22_0016","2026_01_22_0016_ev00043_rec0","no",357148
44,0,17.0133,-20.5663279501454,-24.8289502047389,-4.26262225459346,0.0999999999997669,0.0999999999997669,0,-17.8073315579376,-3.5791784525399,2.38468750638741,73.8972186033959,17.01325,17.01315,340266,"2026_01_22_0016","2026_01_22_0016_ev00044_rec0","no",357149
45,0,17.2888,-12.9213145598601,-17.1609927924448,-4.23967823258475,0.550000000000495,0.750000000000028,0,-8593.89058329497,8577.19821787455,87225.8055226634,-163.423490070426,17.28835,17.2878,345776,"2026_01_22_0016","2026_01_22_0016_ev00045_rec0","no",357150
46,0,17.64275,-21.7014468277713,-24.7231766133194,-3.02172978554814,0.199999999999534,0.0999999999997669,0,-19.6030486523711,-3.1648768280164,2.77557379256655,53.6856682835068,17.64275,17.64255,352855,"2026_01_22_0016","2026_01_22_0016_ev00046_rec0","no",357151
47,0,19.78655,-20.4941989823697,-25.0524866535255,-4.55828767115584,0.399999999999068,12.3999999999995,18.4999999999995,-21.7255975169193,-4.79625060606096,7.84772746856211,-76.3967961727303,19.78645,19.786,395731,"2026_01_22_0016","2026_01_22_0016_ev00047_rec0","no",357152
48,0,20.12725,-20.8643032954554,-30.3525955436284,-9.48829224817301,4.4000000000004,25.15,30.0000000000011,-24.2680219442303,-5.60154594376205,13.7960793122057,-217.046806123068,20.12605,20.1212,402545,"2026_01_22_0016","2026_01_22_0016_ev00048_rec0","no",357153
49,0,20.8071,-22.3844308121716,-30.1230607401462,-7.73862992797455,0.199999999999534,0.0999999999997669,0.0999999999997669,-21.4315428181663,-8.62691336132781,0.123839972890092,26.715189088274,20.8071,20.8069,416142,"2026_01_22_0016","2026_01_22_0016_ev00049_rec0","no",357154
50,0,22.51035,-28.5061681598533,-32.0883350140255,-3.58216685417224,0.350000000000961,0.499999999998835,1.64999999999793,-16.5801820919341,-13.7739668056855,42.6872277969596,59.7450734221135,22.51035,22.51,450207,"2026_01_22_0016","2026_01_22_0016_ev00050_rec0","no",357155
51,0,23.30115,-18.7768541727703,-24.1397555411826,-5.36290136841225,0.199999999999534,0.0999999999997669,0,-17.4111483776907,-3.32689545712628,1.24518422901516,36.3208906845039,23.30115,23.30095,466023,"2026_01_22_0016","2026_01_22_0016_ev00051_rec0","no",357156
52,0,23.68625,-18.3054445670033,-25.8625140209253,-7.55706945392207,0.299999999999301,0.0999999999997669,0,-17.6112444443809,-3.3636823227939,3.88842051360098,6.5619352872435,23.68625,23.68595,473725,"2026_01_22_0016","2026_01_22_0016_ev00052_rec0","no",357157
54,1,25.99155,-24.5917070167203,-28.2789520040394,-3.68724498731913,1.10000000000099,1.04999999999933,0,-20.5182765515789,-4.38008235616269,7.2677052426351,90.3489945822667,25.9908,25.98915,19831,"2026_01_22_0016","2026_01_22_0016_ev00054_rec1","no",357159
55,1,26.40205,-22.2594474273543,-26.3188536672824,-4.05940623992808,0.399999999999068,0.299999999999301,0.250000000001194,-20.101002913339,-4.3650908429134,1.33707978494165,57.8069616938061,26.40205,26.40165,28041,"2026_01_22_0016","2026_01_22_0016_ev00055_rec1","no",357160
56,1,26.5473,-20.1772857676126,-35.7044200057466,-15.527134238134,2.15000000000032,18.7999999999988,22.6000000000006,-18.8288567226113,-13.6032355524862,34.7403943789248,-300.4840739086,26.54385,26.5415,30946,"2026_01_22_0016","2026_01_22_0016_ev00056_rec1","no",357161
57,1,28.0477,-18.5492385877617,-23.7072303164022,-5.15799172864056,0.249999999997641,1.40000000000029,2.40000000000151,-17.8234167901738,-4.01865834676349,5.68563046726523,-2.34799887151346,28.0476,28.0473,60954,"2026_01_22_0016","2026_01_22_0016_ev00057_rec1","no",357162
58,1,28.2034,-21.3514293135614,-30.801131196274,-9.44970188271263,9.64999999999705,24.0000000000009,23.850000000003,52285.7913507261,-52314.7079545301,306351.43694482,-218.466499060991,28.20105,28.19125,64068,"2026_01_22_0016","2026_01_22_0016_ev00058_rec1","no",357163
59,1,29.91085,-21.5379613666041,-26.6024370087923,-5.06447564218814,0.0999999999962142,0.0999999999997669,0,356.571079673545,-377.703795870933,2083.35366911447,92.9654991252308,29.9108,29.91065,98217,"2026_01_22_0016","2026_01_22_0016_ev00059_rec1","no",357164
60,1,31.5144,-20.6144654949906,-40.9787108978038,-20.3642454028131,10.4000000000006,10.749999999998,29.0999999999997,-27.5698143434808,-6.95356774160384,11.7122365234037,-420.416968035263,31.51405,31.5036,130288,"2026_01_22_0016","2026_01_22_0016_ev00060_rec1","no",357165
61,1,31.5544,-27.5541466454106,-31.1960156103185,-3.64186896490785,0.149999999997874,0.0999999999997669,0.350000000000961,-23.9903341830309,-5.24062489380677,5.6786764014695,76.7925650022085,31.55435,31.5542,131088,"2026_01_22_0016","2026_01_22_0016_ev00061_rec1","no",357166
62,1,31.58255,-24.2426912423104,-26.5898712966144,-2.34718005430404,0.150000000001427,0.150000000001427,0,-18.6272540199155,-5.35955595675989,29.5882674191178,66.6311355527226,31.5824,31.58225,131651,"2026_01_22_0016","2026_01_22_0016_ev00062_rec1","no",357167
63,1,31.70035,-19.0578042328788,-25.8378625125356,-6.78005827965677,3.94999999999968,32.6000000000022,30.0000000000011,-20.5090916622418,-7.05207893651557,29.9184534502137,-216.348603312719,31.6995,31.69555,134007,"2026_01_22_0016","2026_01_22_0016_ev00063_rec1","no",357168
64,1,31.7775,-21.7870736642517,-32.7417724863519,-10.9546988221002,4.6999999999997,23.6000000000018,19.8,-23.2636022647383,-7.91802917491175,17.6348708468375,-293.306315562229,31.7696,31.76485,135550,"2026_01_22_0016","2026_01_22_0016_ev00064_rec1","no",357169
65,1,31.7921,-26.9071727208016,-32.6389348149271,-5.7317620941255,0.199999999999534,0.0500000000016598,0,-23.7839082728426,-4.52822338288171,7.43058371490447,60.2435948653565,31.7921,31.7919,135842,"2026_01_22_0016","2026_01_22_0016_ev00065_rec1","no",357170
66,1,31.855,-22.2127914714567,-25.1206571720817,-2.90786570062494,0.150000000001427,1.40000000000029,2.70000000000081,-20.5814964183327,-3.32139998989342,13.1211072419192,8.22265133031181,31.8546,31.85445,137100,"2026_01_22_0016","2026_01_22_0016_ev00066_rec1","no",357171
67,1,33.13985,-22.7822382812183,-88.5562469129961,-65.7740086317778,0.349999999997408,0.499999999995282,0.250000000001194,-24.4975637914797,-59.912914977197,0.278358623337327,-96.6708568778968,33.13985,33.13945,162797,"2026_01_22_0016","2026_01_22_0016_ev00067_rec1","no",357172
68,1,33.8136,-17.5716848428322,-20.0694239573432,-2.49773911451099,0.250000000001194,30.5499999999981,30.0000000000011,-19.7094996689777,-3.06119822671623,3.38988066167289,-78.4498947485677,33.81305,33.8128,176272,"2026_01_22_0016","2026_01_22_0016_ev00068_rec1","no",357173
69,1,33.98965,-20.1711553721882,-22.5552156470825,-2.38406027489432,0.0500000000016598,2.29999999999819,2.54999999999939,-18.9408966655147,-3.57828898079891,4.80282775772878,17.7719908204766,33.98915,33.9891,179793,"2026_01_22_0016","2026_01_22_0016_ev00069_rec1","no",357174
70,1,34.2393,-23.2298876487386,-26.9149484387955,-3.68506079005687,0.10000000000332,0.0500000000016598,0,-20.4682404924207,-3.6881495482779,6.69944816864958,58.2120917464055,34.2393,34.2392,184786,"2026_01_22_0016","2026_01_22_0016_ev00070_rec1","no",357175
71,1,34.39965,-25.1891086667297,-27.8123181255162,-2.62320945878647,0.700000000001921,2.60000000000105,3.65000000000038,-21.0567354892761,-5.99402092082646,22.6347250744922,22.5659504008187,34.3994,34.39855,187993,"2026_01_22_0016","2026_01_22_0016_ev00071_rec1","no",357176
72,1,34.93155,-21.1714897655806,-34.7201435439549,-13.5486537783742,5.94999999999857,16.1499999999961,23.2000000000028,-25.0345002104725,-6.63684022234509,13.2493866144826,-320.531723308624,34.92455,34.9179,198631,"2026_01_22_0016","2026_01_22_0016_ev00072_rec1","no",357177
73,1,35.07265,-23.600258509318,-25.9399394989014,-2.33968098958333,0.500000000002387,0.399999999999068,0,-19.8909721307403,-4.59581703323294,1.25832599084443,104.993158801397,35.07265,35.07205,201453,"2026_01_22_0016","2026_01_22_0016_ev00073_rec1","no",357178
74,1,35.6925,-24.0652883620489,-26.2451152801514,-2.17982691810245,0.149999999997874,0.149999999997874,0,18316.7620040926,-18341.1964730343,130602.455207975,51.236826251802,35.6925,35.69215,213850,"2026_01_22_0016","2026_01_22_0016_ev00074_rec1","no",357179
75,1,35.7074,-22.2778303055536,-26.5502910614014,-4.27246075584775,0.199999999992428,30.2499999999952,30.0000000000011,-32044.6539976706,32023.6057694892,586640.161024995,11.8102938334147,35.7074,35.7071,214148,"2026_01_22_0016","2026_01_22_0016_ev00075_rec1","no",357180
76,1,35.73505,-23.1933575584775,-29.9072246551514,-6.71386709667387,0.299999999995748,1.55000000000172,4.24999999999898,-25.5654785810888,-2.69699276699236,1.32956503520766,-76.9500719002314,35.7348,35.7345,214701,"2026_01_22_0016","2026_01_22_0016_ev00076_rec1","no",357181
77,1,35.7752,-27.9599125271752,-33.5693359375,-5.60942341032482,0.299999999995748,0.199999999999534,0,-24.0457852773753,-5.12376383549132,16.32703643722,45.3978021803356,35.77505,35.77475,215504,"2026_01_22_0016","2026_01_22_0016_ev00077_rec1","no",357182
79,1,36.67,-22.9317784990583,-25.3295879364014,-2.39780943734305,0.10000000000332,0.149999999997874,0,-20.9474609241874,-2.3700644953541,4.26746730397721,48.7594536304474,36.66985,36.6697,233400,"2026_01_22_0016","2026_01_22_0016_ev00079_rec1","no",357184
80,1,36.9744,-17.4822119304112,-21.0571269989014,-3.57491506849016,1.00000000000477,7.99999999999557,30.0000000000011,-19.0326869091506,-3.30148993526408,2.03088564487349,-63.2280562230519,36.9726,36.9716,239488,"2026_01_22_0016","2026_01_22_0016_ev00080_rec1","no",357185
81,1,37.0945,-17.9472420102074,-24.7192363739014,-6.77199436369396,0.250000000001194,30.1000000000045,30.0000000000011,-10006.1873937927,9988.99222818858,221257.415646799,1.4016375746046,37.0945,37.09425,241890,"2026_01_22_0016","2026_01_22_0016_ev00081_rec1","no",357186
82,1,37.21085,-18.0925634929112,-23.1933574676514,-5.10079397474016,0.149999999997874,0.94999999999601,1.60000000000338,-18.1084684460618,-3.20020920720463,2.95967472230976,-11.2217500584466,37.2107,37.21045,244217,"2026_01_22_0016","2026_01_22_0016_ev00082_rec1","no",357187
83,1,37.455,-20.1997292836507,-22.5830059051514,-2.38327662150065,0.10000000000332,0.999999999997669,1.24999999999886,-19.5299607017016,-3.86530511141057,1.34679323218969,14.5732316493988,37.455,37.4549,249100,"2026_01_22_0016","2026_01_22_0016_ev00083_rec1","no",357188
84,1,38.1724,-23.0625679379418,-28.0761699676514,-5.01360202970959,0.149999999997874,0.10000000000332,0,-19.9473211868852,-4.32273651065431,10.8079620483934,48.5316558792478,38.17225,38.17205,263448,"2026_01_22_0016","2026_01_22_0016_ev00084_rec1","no",357189
85,1,38.23895,-21.0571275438581,-25.0244121551514,-3.96728461129325,0.199999999999534,0.349999999997408,0.300000000002854,-20.491495850421,-5.40609245682207,0.298697609221867,14.1677797896521,38.2387,38.2385,264779,"2026_01_22_0016","2026_01_22_0016_ev00085_rec1","no",357190
86,1,38.44605,-19.1388804571969,-23.4985332489014,-4.35965279170445,0.10000000000332,0.199999999999534,0.199999999999534,-19.5615694509357,-5.68786920140109,0.140531839348147,-13.8375343493053,38.44605,38.44595,268921,"2026_01_22_0016","2026_01_22_0016_ev00086_rec1","no",357191
87,1,38.51695,-23.7455804007394,-32.3486328125,-8.6030524117606,0.650000000007367,21.9000000000023,30.0000000000011,-26.9705656076406,-7.24290362915662,6.45656270184253,-222.138191107341,38.50775,38.50675,270339,"2026_01_22_0016","2026_01_22_0016_ev00087_rec1","no",357192
88,1,38.5368,-27.3640931447347,-31.4331035614014,-4.06901041666667,0.300000000002854,0.200000000006639,0.249999999994088,-25.1249291117483,-3.95021902613097,4.98564661458858,46.5571074167887,38.5368,38.5365,270736,"2026_01_22_0016","2026_01_22_0016_ev00088_rec1","no",357193
89,1,38.57305,-25.3877166566395,-30.2124004364014,-4.82468377976191,0.10000000000332,0.199999999999534,0,-23.8294284880751,-2.73164641981094,3.8887594359738,34.6941249574934,38.5728,38.57265,271461,"2026_01_22_0016","2026_01_22_0016_ev00089_rec1","no",357194
90,1,38.653,-22.9317783174061,-25.3295879364014,-2.3978096189953,0.250000000001194,0.300000000002854,0,-20.1299345119366,-3.69408876380191,7.24383408485077,57.4373370919909,38.65285,38.65245,273060,"2026_01_22_0016","2026_01_22_0016_ev00090_rec1","no",357195
91,1,39.04035,-19.4004595620292,-32.65380859375,-13.2533490317208,2.49999999999773,7.40000000000407,11.1500000000007,70068.3809078739,-70094.515410941,426291.512212405,-183.499984713963,39.0359,39.0333,280807,"2026_01_22_0016","2026_01_22_0016_ev00091_rec1","no",357196
92,1,39.05745,-25.402248836699,-31.7382793426514,-6.33603050595238,0.250000000001194,0.199999999999534,0.399999999999068,-20.4641746859248,-8.22547103399118,3.43841159622809,119.314992993219,39.05745,39.0572,281149,"2026_01_22_0016","2026_01_22_0016_ev00092_rec1","no",357197
93,1,39.32075,-25.3731845674061,-28.0761699676514,-2.7029854002453,1.95000000000078,0.849999999999795,0.900000000001455,-21.0928236374137,-6.66953639274477,3.83536496740371,102.80063273339,39.3206,39.31865,286415,"2026_01_22_0016","2026_01_22_0016_ev00093_rec1","no",357198
94,1,39.5209,-19.83642578125,-22.8881816864014,-3.05175590515137,0.0500000000016598,4.60000000000349,5.09999999999877,-20.4019495798459,-5.98635004316847,2.16005087702071,-34.095725107193,39.52015,39.5201,290418,"2026_01_22_0016","2026_01_22_0016_ev00094_rec1","no",357199
95,1,39.6811,-20.7810162135533,-26.8554668426514,-6.07445062909807,0.0500000000016598,0.10000000000332,0,-18.7613961894316,-4.28965207948213,1.81432443880103,52.4030252490725,39.68105,39.681,293622,"2026_01_22_0016","2026_01_22_0016_ev00095_rec1","no",357200
96,1,39.9991,-21.0571275892712,-23.1933574676514,-2.13622987838018,0.550000000004047,0.10000000000332,0,-18.5031870251593,-3.21166702759639,2.40277209731207,68.1905490723968,39.9991,39.99855,299982,"2026_01_22_0016","2026_01_22_0016_ev00096_rec1","no",357201
97,1,41.7338,-14.8814972471748,-18.0386596610768,-3.15716241390194,0.349999999997408,31.6499999999991,29.999999999994,-18.4543826865134,-2.24612729824333,2.1793623452986,-121.150650246179,41.7324,41.73205,334676,"2026_01_22_0016","2026_01_22_0016_ev00097_rec1","no",357202
98,1,41.76155,-16.6054223825499,-19.777100790603,-3.17167840805314,0.350000000004513,6.7499999999967,30.0000000000011,-18.0083088048298,-2.96247858175352,2.24962724404595,-50.6406346003665,41.7613,41.76095,335231,"2026_01_22_0016","2026_01_22_0016_ev00098_rec1","no",357203
99,1,41.8981,-24.1727198761129,-30.5980966636601,-6.42537678754723,0.600000000005707,0.900000000001455,0,-2.13166088008829,-22.6793026295761,120.446720463899,57.4832504448291,41.8981,41.89685,337962,"2026_01_22_0016","2026_01_22_0016_ev00099_rec1","no",357204
100,1,41.914,-22.8654156568724,-25.0083793096111,-2.1429636527387,0.350000000004513,0.500000000002387,0,-20.1756277753739,-2.59297078727627,3.84454275951023,69.8202754131566,41.914,41.91345,338280,"2026_01_22_0016","2026_01_22_0016_ev00100_rec1","no",357205
101,1,43.3379,-18.8480210522307,-23.6141913616081,-4.76617030937739,5.49999999999784,29.1499999999942,30.0000000000011,-18.5948910012287,-6.91312469713167,24.3623579962132,-155.702812922005,43.3364,43.33075,366758,"2026_01_22_0016","2026_01_22_0016_ev00101_rec1","no",357206
102,1,43.48995,-23.1497914425299,-27.8162031815103,-4.66641173898036,0.450000000000728,0.549999999996942,0,-19.0432836341578,-2.71704478726718,10.419831789196,96.179355541734,43.4899,43.4893,369799,"2026_01_22_0016","2026_01_22_0016_ev00102_rec1","no",357207
103,1,43.60065,-25.874451528325,-31.5006872293873,-5.62623570106236,1.30000000000052,2.75000000000603,0,20364.7113939654,-20390.7515706451,107206.730642365,79.0881538078612,43.60065,43.59705,372013,"2026_01_22_0016","2026_01_22_0016_ev00103_rec1","no",357208
104,1,43.7904,-31.2473599032971,-36.0966011080507,-4.84924120475366,0.300000000002854,0.300000000002854,0,-26.1255409357874,-6.60525899373044,13.0470749750029,75.0906007794902,43.79035,43.7897,375808,"2026_01_22_0016","2026_01_22_0016_ev00104_rec1","no",357209
105,1,43.8163,-20.5839036805293,-25.928563642814,-5.34465996228468,0.450000000000728,23.1500000000011,26.6500000000036,12140.8879264797,-12168.5851101901,63083.3906107033,-134.215714703015,43.81565,43.8152,376326,"2026_01_22_0016","2026_01_22_0016_ev00105_rec1","no",357210
106,1,45.4005,-24.4947327608267,-35.2729462759482,-10.7782135151215,3.14999999999799,7.39999999999696,10.0500000000068,-26.5142159402053,-5.91958380663423,9.13966503080036,-129.864915139321,45.3995,45.39335,408010,"2026_01_22_0016","2026_01_22_0016_ev00106_rec1","no",357211
107,1,45.42725,-25.2404057521354,-27.8923167017062,-2.65191094957079,0.300000000002854,3.09999999999633,3.69999999999493,-22.750975751704,-5.06006819484966,9.80917037189352,26.0807744214503,45.42725,45.4269,408545,"2026_01_22_0016","2026_01_22_0016_ev00107_rec1","no",357212
108,1,45.55935,-19.7272381356668,-21.8223211261289,-2.09508299046217,0.0500000000016598,0.599999999998602,0.799999999998136,-17.1984488144335,-3.73482444500665,6.45087834745984,51.3136592075681,45.5591,45.55905,411187,"2026_01_22_0016","2026_01_22_0016_ev00108_rec1","no",357213
109,1,47.64655,-19.3108778837385,-36.0119868964726,-16.7011090127341,14.1999999999953,30.2499999999952,30.0000000000011,-22.1591511921153,-9.67488885603014,29.8949997011767,-440.217088770949,47.64435,47.63005,452931,"2026_01_22_0016","2026_01_22_0016_ev00109_rec1","no",357214
110,1,48.6123,-19.7625309005604,-28.7509719748426,-8.98844107428219,10.0000000000051,40.5500000000032,30.0000000000011,-23.4237103829762,-6.09581411851537,20.6740660196487,-312.690194578736,48.6109,48.60045,472246,"2026_01_22_0016","2026_01_22_0016_ev00110_rec1","no",357215
111,1,48.6414,-26.3483145816099,-29.3526607820024,-3.0043462003925,0.150000000004979,0.0999999999962142,0,-21.4556328601701,-3.09869276717503,19.0949262268076,99.6306459791407,48.64135,48.6412,472828,"2026_01_22_0016","2026_01_22_0016_ev00111_rec1","no",357216
113,2,50.55495,-23.3227293861318,-29.1343683651929,-5.81163897906104,0.250000000001194,0.349999999997408,0,-20.5320120117024,-3.49935490183538,8.66334626727009,52.1196968602296,50.55455,50.5543,11099,"2026_01_22_0016","2026_01_22_0016_ev00113_rec2","no",357218
114,2,51.2781,-23.8999441454867,-27.4309472238158,-3.53100307832914,0.0499999999945544,0.0500000000016598,0,-21.2950655387351,-2.15520341290538,3.26205394334977,70.6660773220815,51.27795,51.2779,25562,"2026_01_22_0016","2026_01_22_0016_ev00114_rec2","no",357219
115,2,52.67265,-21.7175417486935,-25.5751853953678,-3.85764364667429,1.85000000000457,30.7499999999976,30.0000000000011,-8887.71490161234,8866.56508020821,449039.683302768,4.6591693606479,52.6726,52.67045,53453,"2026_01_22_0016","2026_01_22_0016_ev00115_rec2","no",357220
116,2,52.76975,-22.3835950921127,-28.6338377929896,-6.25024270087683,1.24999999999886,5.34999999999997,5.64999999999571,-23.4740996605341,-4.13941353217204,4.64498250465992,-88.9052783400621,52.7697,52.75855,55395,"2026_01_22_0016","2026_01_22_0016_ev00116_rec2","no",357221
117,2,52.82595,-22.9211017623808,-28.9619155776777,-6.04081381529684,0.149999999997874,0.0500000000016598,0,-16.5865454398603,-7.38672172135954,25.4992346600499,59.5986080968753,52.82595,52.8258,56519,"2026_01_22_0016","2026_01_22_0016_ev00117_rec2","no",357222
118,2,53.1747,-18.1818888311406,-20.4573628576699,-2.27547402652927,0.350000000004513,30.2500000000023,30.0000000000011,-4235.7656405825,4219.03209193359,130924.523778383,28.1292693738948,53.1747,53.1743,63494,"2026_01_22_0016","2026_01_22_0016_ev00118_rec2","no",357223
119,2,53.23895,-23.3678099933653,-25.5121497606811,-2.14433976731585,0.300000000002854,0.0500000000016598,0,-19.8160093979573,-3.18029914588503,25.3134167995572,49.8125331514989,53.23895,53.2384,64779,"2026_01_22_0016","2026_01_22_0016_ev00119_rec2","no",357224
120,2,54.4565,-17.3118642927735,-34.5699269920593,-17.2580626992858,4.55000000000183,23.8499999999959,30.0000000000011,-24.2998386644705,-5.72775854168605,14.5220453165695,-503.215504613909,54.4431,54.4377,89130,"2026_01_22_0016","2026_01_22_0016_ev00120_rec2","no",357225
121,2,55.3762,-27.971846482889,-31.6843295244565,-3.71248304156754,0.0999999999962142,0.0500000000016598,0.150000000004979,-24.3302921478975,-5.17172327533906,4.71048290699205,83.814571887832,55.376,55.3759,107524,"2026_01_22_0016","2026_01_22_0016_ev00121_rec2","no",357226
122,2,55.54035,-23.0719644924438,-29.4213437532564,-6.3493792608126,0.199999999999534,0.149999999997874,0,-20.2023253489014,-4.40747199702493,6.4194823001827,57.192204305353,55.54035,55.54005,110807,"2026_01_22_0016","2026_01_22_0016_ev00122_rec2","no",357227
123,2,55.7386,-22.1540255850654,-28.2613469503233,-6.10732136525786,0.300000000002854,1.20000000000431,0.199999999999534,-20.2958196433541,-6.04114765540258,0.49238744521547,50.6697810099482,55.73845,55.73725,114772,"2026_01_22_0016","2026_01_22_0016_ev00123_rec2","no",357228
124,2,56.1658,-24.4323296356501,-30.4180775175977,-5.98574788194765,0.149999999997874,0.0499999999945544,0,-20.6098147564263,-5.97596983301227,18.2721016182281,26.158103571135,56.1658,56.16565,123316,"2026_01_22_0016","2026_01_22_0016_ev00124_rec2","no",357229
125,2,57.7336,-18.3028041626444,-33.5649557439305,-15.2621515812861,11.4000000000019,19.3500000000029,30.0000000000011,-24.9863890152255,-3.79282469122003,10.4321928038068,-335.958111704235,57.73355,57.7207,154672,"2026_01_22_0016","2026_01_22_0016_ev00125_rec2","no",357230
126,2,60.88595,-20.5920977819534,-28.3813457489014,-7.78924796694801,0.599999999998602,0.250000000001194,0.449999999993622,-20.5709785767955,-3.75560613393457,1.78451899909786,-8.05373617126833,60.88595,60.88535,217719,"2026_01_22_0016","2026_01_22_0016_ev00126_rec2","no",357231
127,2,61.4668,-19.1679445902507,-23.8037090301514,-4.63576443990071,0.0500000000016598,0.399999999999068,0,-18.0019823717535,-2.5765405154828,1.8741389801037,28.6469146887462,61.46635,61.4663,229336,"2026_01_22_0016","2026_01_22_0016_ev00127_rec2","no",357232
128,2,61.8314,-29.8345642089844,-33.5693359375,-3.73477172851562,0.500000000002387,0.450000000000728,0,16842.221034183,-16872.0814013039,84155.9379005229,87.8553955554962,61.8314,61.83065,236628,"2026_01_22_0016","2026_01_22_0016_ev00128_rec2","no",357233
129,2,61.871,-23.3677436283657,-28.0761699676514,-4.70842633928572,0.199999999999534,0.549999999996942,0.700000000001921,-21.387511490836,-4.81481678162862,2.77762136537102,44.9981565952301,61.87095,61.8707,237420,"2026_01_22_0016","2026_01_22_0016_ev00129_rec2","no",357234
130,2,62.22775,-23.2224219185965,-28.3813457489014,-5.15892383030483,0.10000000000332,0.10000000000332,0.650000000000261,-21.2833504684229,-4.52253942167073,4.0510878349706,39.6924604824612,62.22775,62.22765,244555,"2026_01_22_0016","2026_01_22_0016_ev00130_rec2","no",357235
131,2,62.25005,-22.7428600674584,-28.6865215301514,-5.94366146269299,0.250000000001194,0.250000000008299,0.0500000000016598,-21.5195140984573,-7.27948974479657,0.075811869048909,35.7309886773428,62.25005,62.24975,245001,"2026_01_22_0016","2026_01_22_0016_ev00131_rec2","no",357236
132,2,62.308,-20.7519512176514,-24.1088848114014,-3.35693359375,0.150000000004979,8.35000000000008,10.4499999999987,-19.9594530474562,-4.19876167638004,14.4525836124406,-32.745373249054,62.3074,62.30725,246160,"2026_01_22_0016","2026_01_22_0016_ev00132_rec2","no",357237
133,2,62.32795,-21.1879170735677,-25.9399394989014,-4.75202242533366,0.300000000002854,0.250000000001194,0.149999999997874,-19.9595148722698,-3.1333879381164,3.40175854061111,24.9557403723399,62.32795,62.32765,246559,"2026_01_22_0016","2026_01_22_0016_ev00133_rec2","no",357238
134,2,62.37025,-20.2142615545364,-22.5830059051514,-2.368744350615,0.149999999997874,2.34999999999985,2.89999999999679,-18.6315873081373,-3.84089128604556,6.54810719690804,21.6925484759467,62.37,62.36985,247405,"2026_01_22_0016","2026_01_22_0016_ev00134_rec2","no",357239
135,2,62.47445,-17.08984375,-21.3623027801514,-4.27245903015137,0.349999999997408,24.950000000004,24.3000000000038,-19.9783485154491,-5.07479781747985,0.68279522540379,-93.8033726215362,62.47405,62.4737,249489,"2026_01_22_0016","2026_01_22_0016_ev00135_rec2","no",357240
136,2,63.10895,-21.30417460487,-23.8037090301514,-2.49953442528134,0.300000000002854,0.349999999997408,0.149999999997874,-20.0202385775348,-5.12801110686615,0.155180953933386,36.1934761058717,63.10895,63.1086,262179,"2026_01_22_0016","2026_01_22_0016_ev00136_rec2","no",357241
137,2,64.054,-21.4785606747582,-25.0244121551514,-3.54585148039318,0.349999999997408,0.500000000002387,0.500000000002387,-19.9988370876004,-3.70911683256714,1.81029187491684,36.7743977024442,64.054,64.05365,281080,"2026_01_22_0016","2026_01_22_0016_ev00137_rec2","no",357242
138,2,64.4129,-22.4086199260893,-25.0244121551514,-2.61579222906203,0.350000000011619,0.600000000005707,0.500000000002387,-20.8495347097459,-3.200361195802,2.07665913114769,39.4537682328906,64.4128,64.41235,288258,"2026_01_22_0016","2026_01_22_0016_ev00138_rec2","no",357243
139,2,64.55455,-21.3187066032773,-26.5502910614014,-5.23158445812407,0.10000000000332,1.4500000000055,1.95000000000789,-21.181374037669,-4.03809351030635,2.96141501175445,-9.18252397264748,64.5543,64.55415,291091,"2026_01_22_0016","2026_01_22_0016_ev00139_rec2","no",357244
140,2,64.63215,-50.8626263936361,-296.32568359375,-245.463057200114,0.349999999997408,2.00000000000955,2.20000000000198,-33.9902660975761,-275.786687295102,2.34020086970262,-242.263825750351,64.6319,64.63055,292643,"2026_01_22_0016","2026_01_22_0016_ev00140_rec2","no",357245
141,2,64.67095,-26.8264024825323,-32.04345703125,-5.21705454871768,0.0500000000016598,0.200000000006639,0,-22.0163487185117,-6.1820284274652,19.8426212584145,47.9329408963521,64.67095,64.67065,293419,"2026_01_22_0016","2026_01_22_0016_ev00141_rec2","no",357246
142,2,64.6912,-24.7628329140799,-27.4658184051514,-2.70298549107143,0.149999999990769,0.350000000011619,0.550000000004047,-23.4508300209912,-3.06382039420498,1.95678440376187,32.8172917570387,64.69115,64.691,293824,"2026_01_22_0016","2026_01_22_0016_ev00142_rec2","no",357247
143,2,64.8083,-20.5339691979545,-28.0761699676514,-7.54220076969692,0.200000000006639,0.200000000006639,1.84999999999036,-19.6531426346569,-4.3902205076192,10.4724764014948,-18.0129966497421,64.8082,64.808,296166,"2026_01_22_0016","2026_01_22_0016_ev00143_rec2","no",357248
144,2,64.8552,-21.391367548988,-26.8554668426514,-5.46409929366339,0.299999999995748,0.399999999999068,0.700000000009027,-20.9334280687377,-4.04989322248935,1.46537771227012,7.19705785910289,64.8552,64.8549,297104,"2026_01_22_0016","2026_01_22_0016_ev00144_rec2","no",357249
145,2,65.2009,-28.142177173902,-39.3584411161339,-11.216263942232,0.200000000006639,0.150000000004979,0,-24.0962875762772,-6.07242906810477,7.74717642189339,74.4284792495429,65.2009,65.20065,304018,"2026_01_22_0016","2026_01_22_0016_ev00145_rec2","no",357250
146,2,65.26475,-27.8744839445907,-32.0503062709573,-4.17582232636665,1.10000000000809,1.60000000001048,0,-23.4799928577069,-4.57224171138498,17.9992636900957,61.3395643376537,65.26465,65.26185,305295,"2026_01_22_0016","2026_01_22_0016_ev00146_rec2","no",357251
147,2,65.61595,-26.537874197274,-29.845420220447,-3.30754602317303,0.399999999999068,0.199999999992428,1.09999999999388,-24.1694162508724,-4.00390004070015,10.0197617408819,31.5945299577073,65.61595,65.61555,312319,"2026_01_22_0016","2026_01_22_0016_ev00147_rec2","no",357252
148,2,66.7094,-28.0675868508852,-31.7072426968895,-3.63965584600431,0.10000000000332,4.24999999999898,6.19999999999266,-26.7641542287553,-4.32722016983097,12.6618477873484,-10.9422290526176,66.7094,66.7093,334188,"2026_01_22_0016","2026_01_22_0016_ev00148_rec2","no",357253
149,2,67.75185,-21.70997948017,-31.5199212524905,-9.80994177232053,1.64999999999793,30.2499999999952,30.0000000000011,-25.0629412722454,-7.62534369498166,18.0434025896375,-233.788286354284,67.75075,67.7488,355037,"2026_01_22_0016","2026_01_22_0016_ev00149_rec2","no",357254
150,2,67.80115,-25.5840104339414,-32.1489769530347,-6.56496651909326,0.249999999994088,0.0999999999891088,0,-23.4069224859099,-3.84851928115721,4.58063765525996,46.7054546814302,67.80115,67.8008,356023,"2026_01_22_0016","2026_01_22_0016_ev00150_rec2","no",357255
151,2,68.044,-26.9334895059268,-30.4237870204237,-3.49029751449687,0.650000000007367,0.200000000006639,0,20306.4986168874,-20333.1729206646,186390.852286224,56.1093786223743,68.044,68.04335,360880,"2026_01_22_0016","2026_01_22_0016_ev00151_rec2","no",357256
152,2,69.4872,-24.0054750876072,-29.3640074360384,-5.35853234843114,0.10000000000332,0.200000000006639,0.0500000000016598,-23.1277597019993,-2.96112277897259,1.45365245417391,20.7777259409152,69.48705,69.4869,389744,"2026_01_22_0016","2026_01_22_0016_ev00152_rec2","no",357257
153,2,70.28795,-19.6448011813755,-24.4911528878296,-4.84635170645405,0.149999999990769,0.749999999996476,1.24999999999886,-18.8745647497757,-4.07271562377248,2.69713447838034,11.4785391316791,70.2879,70.28755,405759,"2026_01_22_0016","2026_01_22_0016_ev00153_rec2","no",357258
154,2,72.3597,-21.4298875468902,-30.6546801318041,-9.22479258491391,3.05000000000177,6.19999999999266,9.25000000000864,-21.1937231306261,-5.76315939938977,20.2888106962963,-103.017570115929,72.3595,72.35555,447194,"2026_01_22_0016","2026_01_22_0016_ev00154_rec2","no",357259
155,2,73.8573,-26.9590270282178,-30.2011682074295,-3.24214117921165,0.299999999995748,0.199999999992428,0,-21.6924623235923,-4.79241532444186,17.7484412246942,87.5807997839464,73.8573,73.85695,477146,"2026_01_22_0016","2026_01_22_0016_ev00155_rec2","no",357260
156,3,75.98325,-21.3496861128524,-23.8791173851738,-2.52943127232141,0.299999999995748,30.2999999999969,30.0000000000011,-10007.2610059819,9987.99780515965,227074.076760766,41.8561515123224,75.98325,75.9829,19665,"2026_01_22_0016","2026_01_22_0016_ev00156_rec3","no",357261
157,3,76.2034,-20.674843267638,-35.8387317072255,-15.1638884395875,7.84999999999059,10.7500000000016,14.8999999999972,-25.1339939782435,-5.0205219153849,10.1083862523956,-239.034576836288,76.2032,76.19525,24068,"2026_01_22_0016","2026_01_22_0016_ev00157_rec3","no",357262
158,3,76.2434,-26.5291213946262,-33.1167628662945,-6.58764147166822,0.399999999999068,0.149999999990769,0,-23.3950600440172,-4.20703832854009,8.02126733439491,59.9018050987702,76.2434,76.24295,24868,"2026_01_22_0016","2026_01_22_0016_ev00158_rec3","no",357263
159,3,77.54715,-25.6288135544765,-30.2865853084358,-4.65777175395924,0.299999999995748,0.250000000008299,0,-19.9717554288115,-6.4159643038869,23.3263942933921,60.4939168744407,77.5471,77.5468,50943,"2026_01_22_0016","2026_01_22_0016_ev00159_rec3","no",357264
160,3,78.12275,-18.2447297208922,-36.6957950492308,-18.4510653283386,10.5500000000092,34.1999999999985,30.0000000000011,-24.029658995985,-11.906354099663,20.9711286442655,-538.360209851347,78.1191,78.10855,62455,"2026_01_22_0016","2026_01_22_0016_ev00160_rec3","no",357265
161,3,79.15665,-27.0436909481863,-29.5803079166503,-2.53661696846401,0.349999999997408,0.249999999994088,0,-23.7967045760764,-3.25027809522957,9.40207573666686,67.2370415249527,79.15665,79.1563,83133,"2026_01_22_0016","2026_01_22_0016_ev00161_rec3","no",357266
162,3,79.34605,-22.6787792496971,-27.1444086984744,-4.46562944877734,0.0500000000016598,0.10000000000332,0,-21.4978127664923,-2.11901366090538,19.8856600399164,1.68111344432953,79.3458,79.34575,86921,"2026_01_22_0016","2026_01_22_0016_ev00162_rec3","no",357267
163,3,80.93175,-18.5874974200547,-24.1701712420571,-5.58267382200246,0.300000000009959,1.80000000000291,2.05000000001121,-18.8551692156302,-5.54795928369555,1.80979739618998,-19.875715740144,80.9316,80.9313,118635,"2026_01_22_0016","2026_01_22_0016_ev00163_rec3","no",357268
164,3,80.97425,-21.3413332146057,-25.7112765040756,-4.36994328946982,0.199999999992428,0.300000000009959,0.249999999994088,-19.3367104734978,-6.77841078804347,0.410462769165436,56.5776371475041,80.97425,80.97405,119485,"2026_01_22_0016","2026_01_22_0016_ev00164_rec3","no",357269
165,3,80.99185,-18.4623520089019,-21.8263547849,-3.36400277599813,0.150000000004979,10.0999999999942,30.0000000000011,-20.117058242389,-2.08274843934523,2.2400812176796,-56.0229885051107,80.99155,80.99135,119837,"2026_01_22_0016","2026_01_22_0016_ev00165_rec3","no",357270
166,3,81.0142,-19.9071745815601,-26.9596763439731,-7.05250176241294,0.349999999997408,3.10000000000343,0.649999999993156,-19.9460896348362,-6.49790567496041,0.713112572755417,-16.6112950474825,81.01195,81.0115,120284,"2026_01_22_0016","2026_01_22_0016_ev00166_rec3","no",357271
167,3,81.03435,-22.3772325781112,-25.7886935990234,-3.41146102091225,0.10000000000332,0.10000000000332,0,-18.9553704758287,-3.66190552694056,3.56885999234592,89.2121355692616,81.03435,81.03425,120687,"2026_01_22_0016","2026_01_22_0016_ev00167_rec3","no",357272
168,3,81.05295,-20.6541711283111,-25.1840990313969,-4.52992790308578,0.200000000006639,30.4000000000002,30.0000000000011,-42.9493142168558,23.5550064854438,1289.17182080702,27.4240916950299,81.0527,81.0521,121059,"2026_01_22_0016","2026_01_22_0016_ev00168_rec3","no",357273
169,3,81.10275,-47.4354062666797,-277.895473078957,-230.460066812277,0.350000000011619,1.75000000000125,1.90000000000623,-39.4667841331866,-257.63660478702,1.8455872482855,-333.295517074328,81.1025,81.1019,122055,"2026_01_22_0016","2026_01_22_0016_ev00169_rec3","no",357274
170,3,81.15195,-27.0009218216031,-33.2492010135839,-6.24827919198088,0.200000000006639,1.24999999999886,1.75000000000125,-25.5133443079091,-7.1780991817281,2.72233985425663,23.0030668098631,81.15175,81.15155,123039,"2026_01_22_0016","2026_01_22_0016_ev00170_rec3","no",357275
171,3,81.17235,-25.9456294137309,-28.4956284892754,-2.54999907554456,0.299999999995748,1.84999999999036,2.00000000000955,-23.5063469869045,-5.74864504973244,3.7957373414247,50.1719084268853,81.17235,81.17205,123447,"2026_01_22_0016","2026_01_22_0016_ev00171_rec3","no",357276
172,3,81.19305,-26.064499854093,-30.8169329672491,-4.75243311315603,0.200000000006639,0.10000000000332,0,-22.1153171942748,-5.38700860532774,2.00298495132476,106.988906157005,81.19305,81.19265,123861,"2026_01_22_0016","2026_01_22_0016_ev00172_rec3","no",357277
173,3,81.33455,-25.1463627390677,-30.6755279816157,-5.52916524254803,0.10000000000332,0.049999999987449,0,-23.2449464858614,-3.91144168480692,0.82943907198556,53.2802808976665,81.33445,81.33435,126691,"2026_01_22_0016","2026_01_22_0016_ev00173_rec3","no",357278
174,3,81.5123,-23.2705651061574,-25.9669751246855,-2.69641001852813,0.299999999995748,1.09999999999388,1.05000000000643,-21.5341253523897,-4.50400489543432,2.13177457330685,41.2442844873611,81.5123,81.51195,130246,"2026_01_22_0016","2026_01_22_0016_ev00174_rec3","no",357279
175,3,81.9888,-24.3397055993765,-31.3184302623144,-6.97872466293795,2.20000000000198,11.7500000000064,12.9000000000019,-25.1316680385512,-3.96703011645454,16.2066484993734,-106.971076797676,81.9852,81.9823,139776,"2026_01_22_0016","2026_01_22_0016_ev00175_rec3","no",357280
176,3,82.93615,-37.0531453789624,-42.3549668492802,-5.30182147031775,0.150000000004979,2.65000000000271,0,-20.8034141747608,-13.5142571279027,70.3861996161745,166.070367544807,82.93615,82.93275,158723,"2026_01_22_0016","2026_01_22_0016_ev00176_rec3","no",357281
177,3,82.9497,-27.8550864176634,-31.1719058320338,-3.31681941437033,3.2499999999942,20.3499999999934,25.4500000000064,-28.1742122304426,-4.22218541302538,16.5716245033979,-82.3960662127838,82.9494,82.9461,158994,"2026_01_22_0016","2026_01_22_0016_ev00177_rec3","no",357282
178,3,82.99615,-26.0249950205034,-32.8762636849485,-6.8512686644451,0.149999999990769,0.200000000006639,0,-25.2716801910085,-2.57687441255003,2.55760454742787,14.3495350995788,82.996,82.99585,159923,"2026_01_22_0016","2026_01_22_0016_ev00178_rec3","no",357283
179,3,83.26335,-22.6483999932559,-26.6695987836135,-4.02119879035763,0.0500000000016598,0.650000000007367,0.699999999994816,-21.6077039494497,-4.16811478889889,1.37483296898983,24.2103013872953,83.263,83.2629,165267,"2026_01_22_0016","2026_01_22_0016_ev00179_rec3","no",357284
180,3,83.59835,-17.1370846572162,-21.7368136797548,-4.59972902253857,2.049999999997,31.0000000000059,30.0000000000011,-22.6993430689597,-2.8213407002199,2.40709992353828,-213.170688330661,83.59505,83.593,171967,"2026_01_22_0016","2026_01_22_0016_ev00180_rec3","no",357285
181,3,83.84305,-17.2255647375776,-20.5806244963615,-3.35505975878383,0.399999999999068,1.4500000000055,0,-15367.8357728469,15347.961414989,313072.614407443,-108.746804685542,83.84195,83.84155,176861,"2026_01_22_0016","2026_01_22_0016_ev00181_rec3","no",357286
182,3,84.08135,-24.5230187299579,-28.6225265917905,-4.09950786183265,0.150000000004979,30.2000000000078,30.0000000000011,-54982.1280998914,54960.6827501337,653532.056510069,54.0412910031139,84.0813,84.08105,181627,"2026_01_22_0016","2026_01_22_0016_ev00182_rec3","no",357287
183,3,84.1241,-30.7130052126093,-40.4979715882225,-9.78496637561326,1.24999999999886,0.10000000000332,0,-29.9009893438167,-4.409552238437,11.9020483058928,-33.1960438281546,84.12375,84.11965,182482,"2026_01_22_0016","2026_01_22_0016_ev00183_rec3","no",357288
184,3,84.14415,-30.5141566496595,-35.6223363816471,-5.10817973198755,0.0500000000016598,0.199999999992428,0,-27.2437098444725,-4.97815132471932,9.1163716966252,53.2570556569131,84.1439,84.14385,182883,"2026_01_22_0016","2026_01_22_0016_ev00184_rec3","no",357289
185,3,84.72485,-21.8111897308334,-27.9375576588607,-6.12636792802727,0.499999999988177,30.4500000000019,30.0000000000011,-2913.85947194303,2891.35481720487,333161.269310323,-27.835021790334,84.7246,84.7241,194497,"2026_01_22_0016","2026_01_22_0016_ev00185_rec3","no",357290
186,3,84.9273,-24.8529481732354,-28.9938428557341,-4.14089468249875,0.150000000004979,0.649999999993156,0.299999999995748,-21.906829600306,-5.42366507907846,1.47260457711592,79.1009858363446,84.9263,84.92615,198546,"2026_01_22_0016","2026_01_22_0016_ev00186_rec3","no",357291
187,3,85.2296,-22.5539419537499,-27.1606426239014,-4.60670067015148,0.0500000000016598,0.950000000003115,1.84999999999036,-22.1025379281315,-3.2327202360009,4.565545642761,-2.46683277289071,85.22935,85.2293,204592,"2026_01_22_0016","2026_01_22_0016_ev00187_rec3","no",357292
188,3,85.63635,-21.2460457938058,-36.92626953125,-15.6802237374442,8.04999999999723,18.0000000000007,19.2500000000138,-26.8789800075236,-7.99572345661331,4.99028325009439,-346.220831755229,85.63075,85.6223,212727,"2026_01_22_0016","2026_01_22_0016_ev00188_rec3","no",357293
189,3,85.7228,-29.0352942148844,-33.26416015625,-4.22886594136556,0.300000000009959,0.149999999990769,0.150000000004979,-22.0038011804526,-8.66764706009541,20.4609009803503,73.8623561064403,85.72275,85.72245,214456,"2026_01_22_0016","2026_01_22_0016_ev00189_rec3","no",357294
190,3,85.779,-27.0153208233061,-29.6020488739014,-2.58672805059524,0.199999999992428,0.350000000011619,0.299999999995748,-23.3224394559689,-6.81322427784709,0.764834684934677,105.127238380341,85.779,85.7788,215580,"2026_01_22_0016","2026_01_22_0016_ev00190_rec3","no",357295
191,3,85.87255,-23.149761109125,-27.1606426239014,-4.01088151477632,0.250000000008299,0.150000000004979,0,-22.3507616485431,-0.973587182515412,3.28017241925017,19.7623113359723,85.87255,85.8723,217451,"2026_01_22_0016","2026_01_22_0016_ev00191_rec3","no",357296
192,3,86.0167,-25.9690038590204,-33.26416015625,-7.29515629722959,0.349999999997408,0.349999999997408,0.900000000001455,-21.6408750117636,-7.27700646476218,26.2712177246959,-2.4741053717477,86.01665,86.0163,220334,"2026_01_22_0016","2026_01_22_0016_ev00192_rec3","no",357297
193,3,86.1115,-25.7800855182466,-28.3813457489014,-2.60126023065476,0.199999999992428,0.0999999999891088,0,-23.1503999131095,-2.71986288367056,2.92931989553641,70.9668077355339,86.1115,86.1113,222230,"2026_01_22_0016","2026_01_22_0016_ev00193_rec3","no",357298
194,3,86.25955,-23.8763700212751,-26.2451152801514,-2.36874525887626,0.150000000004979,14.4499999999965,13.3999999999901,-91.406073929522,70.8403523251286,219.998277992129,-39.8301653930119,86.2595,86.25935,225191,"2026_01_22_0016","2026_01_22_0016_ev00194_rec3","no",357299
195,3,86.29045,-28.2214919498989,-32.3486328125,-4.12714086260114,0.200000000006639,0.749999999996476,1.69999999999959,-22.4049105943843,-8.18128166281087,15.9605740200295,62.9523170062474,86.28995,86.28975,225809,"2026_01_22_0016","2026_01_22_0016_ev00195_rec3","no",357300
196,3,86.37305,-27.0153208233061,-33.26416015625,-6.24883933294387,0.200000000006639,0.249999999994088,0.0500000000016598,-25.7910465832203,-3.59566172370242,2.73005644715113,24.3424902257465,86.37295,86.37245,227461,"2026_01_22_0016","2026_01_22_0016_ev00196_rec3","no",357301
197,3,86.4771,-27.0443851834252,-31.1279277801514,-4.08354259672619,0.10000000000332,0.049999999987449,0.200000000006639,-25.032972355759,-3.93259500693128,1.83399632081421,52.4993163199652,86.477,86.4769,229542,"2026_01_22_0016","2026_01_22_0016_ev00197_rec3","no",357302
198,3,86.7786,-21.0571269989014,-24.4140605926514,-3.35693359375,0.550000000004047,30.2999999999969,30.0000000000011,-22.9734621917149,-3.31974211570231,1.21740385942467,-64.125066947937,86.7786,86.77805,235572,"2026_01_22_0016","2026_01_22_0016_ev00198_rec3","no",357303
199,3,86.9002,-25.6928924378895,-28.3813457489014,-2.68845331101191,0.299999999995748,0.150000000004979,0,-22.272864709387,-3.19279044296019,5.38518176872177,85.782726417269,86.9002,86.8995,238004,"2026_01_22_0016","2026_01_22_0016_ev00199_rec3","no",357304
200,3,86.99375,-21.5802858443487,-29.9072246551514,-8.32693881080264,0.0500000000016598,0.249999999994088,0,-21.5333060286639,-2.48403169886605,3.21144216526161,-8.07953106562296,86.9936,86.99345,239875,"2026_01_22_0016","2026_01_22_0016_ev00200_rec3","no",357305
201,3,87.03375,-22.4958130972726,-25.0244121551514,-2.52859905787877,0,0.0500000000016598,0.450000000000728,-20.8324857489323,-2.97942296627322,3.38806207415992,39.4537703582218,87.03375,87.03365,240675,"2026_01_22_0016","2026_01_22_0016_ev00201_rec3","no",357306
202,3,87.5784,-22.9463105882917,-26.2451152801514,-3.29880469185965,0.550000000004047,0.500000000002387,0,-20.0453575678549,-4.17261631805833,1.78700516849287,78.6455972126552,87.57835,87.5775,251568,"2026_01_22_0016","2026_01_22_0016_ev00202_rec3","no",357307
203,3,87.93715,-22.3650233859108,-25.3295879364014,-2.96456455049061,0.10000000000332,0.10000000000332,0,-20.3100750231914,-1.70466539662688,2.243953559021,57.4427840641566,87.9369,87.93675,258743,"2026_01_22_0016","2026_01_22_0016_ev00203_rec3","no",357308
204,3,87.99465,-23.0625679379418,-26.5502910614014,-3.48772312345959,0.249999999994088,0.349999999997408,0,-19.9264550961206,-3.28837566447239,5.0350641549808,76.6841143721626,87.9942,87.9936,259893,"2026_01_22_0016","2026_01_22_0016_ev00204_rec3","no",357309
205,3,88.1631,-22.3504912966774,-26.8554668426514,-4.50497554597401,0.0500000000016598,0.200000000006639,0.10000000000332,-21.1851231644457,-5.17552564399043,0.126462714792385,33.9231865792047,88.1631,88.1629,263262,"2026_01_22_0016","2026_01_22_0016_ev00205_rec3","no",357310
206,3,88.21495,-23.178825378418,-26.5502910614014,-3.3714656829834,0.450000000000728,0.500000000002387,0.500000000002387,-21.9217398185411,-2.77584732044895,4.80660322709111,22.7573885917664,88.21485,88.2144,264299,"2026_01_22_0016","2026_01_22_0016_ev00206_rec3","no",357311
207,3,88.7194,-21.9145259857178,-24.7192363739014,-2.80471038818359,0.299999999995748,1.24999999999886,1.55000000000882,-20.3206397946682,-3.7900840856925,4.29640171073,30.7718826770782,88.7194,88.7191,274388,"2026_01_22_0016","2026_01_22_0016_ev00207_rec3","no",357312
208,3,88.8555,-22.4086200169155,-28.3813457489014,-5.97272573198591,0.649999999993156,0.900000000001455,1.95000000000789,-22.7970795582758,-2.89288788534988,4.1945681163613,-26.168820476532,88.8555,88.85485,277110,"2026_01_22_0016","2026_01_22_0016_ev00208_rec3","no",357313
209,3,89.0357,-22.757392338344,-25.9399394989014,-3.18254716055734,0.550000000004047,1.75000000000125,2.15000000000032,-21.5941644745966,-3.79707622048095,4.4303981084755,17.1519665922438,89.0357,89.035,280714,"2026_01_22_0016","2026_01_22_0016_ev00209_rec3","no",357314
210,3,89.2559,-24.210610071818,-28.9916973114014,-4.78108723958333,0.200000000006639,0.349999999997408,0.600000000005707,-22.5627889723319,-4.09420724765093,3.38855766238639,34.0957572221756,89.2557,89.2555,285118,"2026_01_22_0016","2026_01_22_0016_ev00210_rec3","no",357315
211,3,89.27995,-23.2224219185965,-29.9072246551514,-6.68480273655483,0.450000000000728,0.500000000002387,0.599999999991496,-21.8779739066993,-4.99462669264826,2.28593040020062,27.5337507179806,89.27995,89.2795,285599,"2026_01_22_0016","2026_01_22_0016_ev00211_rec3","no",357316
213,3,89.48275,-24.0507561819894,-26.8554668426514,-2.80471066066197,0.0999999999891088,0.399999999999068,0,-22.0019154218123,-2.91772047257233,1.21622802438262,57.0969275883265,89.48265,89.48225,289655,"2026_01_22_0016","2026_01_22_0016_ev00213_rec3","no",357318
214,3,89.49995,-23.1352290198916,-25.6347637176514,-2.49953469775972,0.150000000004979,1.05000000000643,1.05000000000643,-21.9348438460767,-4.85270902461175,1.29064739927269,29.0265744754246,89.4997,89.49955,289999,"2026_01_22_0016","2026_01_22_0016_ev00214_rec3","no",357319
215,3,89.6162,-22.3650232950846,-28.9916973114014,-6.62667401631673,0.10000000000332,0.200000000006639,0.599999999991496,-22.2816091698824,-3.13867956239008,2.83604040704517,-7.7100547790527,89.61605,89.61595,292324,"2026_01_22_0016","2026_01_22_0016_ev00215_rec3","no",357320
216,3,90.66635,-22.1713355917179,-24.4512661374747,-2.27993054575681,0.199999999992428,3.55000000000416,4.3500000000023,-21.3667629670379,-2.6067846804182,9.44344775314946,-2.63536409049673,90.6659,90.6652,313327,"2026_01_22_0016","2026_01_22_0016_ev00216_rec3","no",357321
217,3,91.0777,-22.1445140943129,-25.491073032592,-3.34655893827914,0.10000000000332,0.200000000006639,0.449999999986517,-20.6666122060398,-3.16719496265228,3.0364319954245,33.7986691522743,91.07755,91.07745,321554,"2026_01_22_0016","2026_01_22_0016_ev00217_rec3","no",357322
218,3,91.9851,-26.677290478686,-33.4236094523669,-6.74631897368089,0.150000000004979,0.200000000006639,0,-21.4356040948083,-7.22652484496255,28.9501626860507,20.7717700435106,91.98495,91.9848,339702,"2026_01_22_0016","2026_01_22_0016_ev00218_rec3","no",357323
219,3,92.37905,-20.7498265780714,-23.648881269881,-2.89905469180957,0.299999999995748,0.249999999994088,0,-18.943069973505,-0.286814567538632,3.79672041025602,52.1955501157271,92.37905,92.3787,347581,"2026_01_22_0016","2026_01_22_0016_ev00219_rec3","no",357324
220,3,94.69415,-22.0967517654271,-30.8494742600099,-8.75272249458276,0.349999999997408,0.049999999987449,0.650000000007367,-19.6822334273424,-6.39393606008717,5.28568523887277,37.8345303735767,94.69415,94.6938,393883,"2026_01_22_0016","2026_01_22_0016_ev00220_rec3","no",357325
221,3,94.7171,-20.2587231810576,-23.6895207570588,-3.43079757600123,0.200000000006639,30.1000000000045,30.0000000000011,-19.3237044739206,0.486471497953378,6.17287620779307,30.3459415578383,94.7171,94.7169,394342,"2026_01_22_0016","2026_01_22_0016_ev00221_rec3","no",357326
222,3,94.7335,-19.0440653814578,-23.3487316852355,-4.30466630377767,0.200000000006639,2.25000000000364,3.04999999998756,-18.9894425576335,-4.08203386123715,3.34088837152445,-13.418141919569,94.7334,94.73305,394670,"2026_01_22_0016","2026_01_22_0016_ev00222_rec3","no",357327
223,3,94.7948,-20.7351478256221,-23.4809106267924,-2.74576280117027,0.299999999995748,0.300000000009959,0.500000000002387,-19.1703494394886,-3.42689180213725,1.76762344559902,40.0726674405367,94.7945,94.79395,395896,"2026_01_22_0016","2026_01_22_0016_ev00223_rec3","no",357328
224,3,94.81725,-21.0506241761752,-24.0082517918449,-2.95762761566967,0.550000000004047,0.699999999994816,0.0999999999891088,-18.4684158578043,-5.96897264743704,0.251934108653127,74.5004012639395,94.81725,94.8162,396345,"2026_01_22_0016","2026_01_22_0016_ev00224_rec3","no",357329
225,3,94.8549,-20.8001924643193,-25.8787703000709,-5.07857783575153,0.200000000006639,0.249999999994088,0,-18.9850870054427,-3.50264615425734,1.22342876108735,49.0700905345129,94.8548,94.8546,397098,"2026_01_22_0016","2026_01_22_0016_ev00225_rec3","no",357330
226,3,94.89475,-20.1641584357465,-22.5858997248314,-2.42174128908492,0.150000000004979,11.1500000000007,10.799999999989,-1277874.89579472,1277869.12776571,903748.026855139,-201.167560341632,94.8943,94.894,397895,"2026_01_22_0016","2026_01_22_0016_ev00226_rec3","no",357331
227,3,94.9245,-43.8940191929634,-270.318898339461,-226.424879146498,0.349999999997408,1.69999999999959,1.80000000000291,-30.3981039959058,-245.585609116468,1.95918075500514,-167.925998423512,94.92425,94.9237,398490,"2026_01_22_0016","2026_01_22_0016_ev00227_rec3","no",357332
228,3,94.9751,-26.0878109615801,-31.0610026327348,-4.97319167115478,0.0999999999891088,0.200000000006639,0.349999999997408,-22.4804062001675,-6.33290545679373,2.48053989038511,91.6742106487041,94.97495,94.97485,399502,"2026_01_22_0016","2026_01_22_0016_ev00228_rec3","no",357333
229,3,95.01495,-23.651679994292,-31.0208688404806,-7.36918884618852,0.349999999997408,0.200000000006639,0.450000000000728,-21.4586932389351,-6.1153152243526,2.17683346498893,50.2133873507332,95.0147,95.01435,400299,"2026_01_22_0016","2026_01_22_0016_ev00229_rec3","no",357334
230,3,95.0776,-22.5224600066861,-26.5311104067175,-4.0086504000314,0.350000000011619,0.200000000006639,0,5413.77264028337,-5434.31602235674,199494.850066449,71.0639429945531,95.07755,95.0772,401552,"2026_01_22_0016","2026_01_22_0016_ev00230_rec3","no",357335
231,3,95.2018,-23.3004359762843,-29.1272366129685,-5.8268006366842,0.250000000008299,30.2500000000094,30.0000000000011,-24.0957936490987,1.44793555738638,11.514846715726,-9.97733478017564,95.2017,95.20145,404036,"2026_01_22_0016","2026_01_22_0016_ev00231_rec3","no",357336
232,3,95.58875,-26.4737791142908,-32.2583971869472,-5.78461807265638,3.65000000000748,6.34999999999764,0,-23.9101012314354,-3.18436981537636,7.87986660342217,44.5279945805448,95.5887,95.5788,411775,"2026_01_22_0016","2026_01_22_0016_ev00232_rec3","no",357337
233,3,96.26305,-24.0977143990413,-32.6822977814446,-8.58458338240331,0.200000000006639,0.150000000004979,0,-21.8424694727178,-3.16630685486671,8.03932302560615,42.1418929007086,96.26305,96.26285,425261,"2026_01_22_0016","2026_01_22_0016_ev00233_rec3","no",357338
234,3,96.3094,-28.5826881506428,-34.3590712887229,-5.77638313808018,2.44999999999607,1.64999999999793,0,504.250197606476,-533.79934043011,2528.63719394838,62.964107969192,96.30935,96.30425,426188,"2026_01_22_0016","2026_01_22_0016_ev00234_rec3","no",357339
235,3,98.03805,-21.9489070721127,-28.5812473799098,-6.63234030779708,0.349999999997408,0.250000000008299,0,-20.5364119896931,-3.30361690081114,5.98187619317848,21.7583546743994,98.03805,98.0376,460761,"2026_01_22_0016","2026_01_22_0016_ev00235_rec3","no",357340
236,3,99.12545,-28.4956856021688,-32.9695186731351,-4.47383307096633,0.10000000000332,0.200000000006639,0.349999999997408,-25.9999079413294,-4.31602120702281,9.32398503586631,35.4005521568084,99.1253,99.1252,482509,"2026_01_22_0016","2026_01_22_0016_ev00236_rec3","no",357341
237,3,99.4427,-26.7930672687907,-30.9105994307704,-4.11753216197964,1.74999999998704,1.95000000000789,0,-23.0128688647469,-4.73694790357747,16.3095313949645,45.9185328004248,99.4419,99.4397,488854,"2026_01_22_0016","2026_01_22_0016_ev00237_rec3","no",357342
238,3,99.45925,-25.9606118761786,-29.3144593095914,-3.35384743341277,0,0.0500000000016598,0,19483.139399737,-19508.0146924535,186566.283957994,79.5141622637271,99.4592,99.45915,489185,"2026_01_22_0016","2026_01_22_0016_ev00238_rec3","no",357343
239,3,99.76605,-29.4048394446424,-36.844195225171,-7.43935578052865,1.99999999999534,1.49999999999295,0,-15.9735598597031,-14.1332489530675,74.6055233214726,51.8915204935083,99.76595,99.76355,495321,"2026_01_22_0016","2026_01_22_0016_ev00239_rec3","no",357344
240,3,99.8262,-23.3957119168394,-27.4457785119208,-4.05006659508141,0.0500000000016598,0.250000000008299,0,2761.40133008806,-2784.31558629031,93733.5815761813,26.4846962546365,99.826,99.8259,496524,"2026_01_22_0016","2026_01_22_0016_ev00240_rec3","no",357345
