"time_noise","start_sample","matched_peak_rows","file","return_sample","sweep","Event_Time","Record","event_time","baseline_current","peak_current","amplitude","event_id","noise","event_index","file_prefix","baseline_time","event_entry_number"
"[np.float64(34.771499999999996), np.float64(34.77155), np.float64(34.7716), np.float64(34.771649999999994), np.float64(34.771699999999996), np.float64(34.77175)]",195430,"[{'Event.Number': '383', 'Record': '1', 'Event.Time..s.': '34.7717', 'Baseline..pA.': '74.7633049758693', 'Peak..pA.': '163.123965541435', 'Amplitude..pA.': '88.3606605655657', 'Rise.Time..ms.': '0.299999999995748', 'Half.Width..ms.': '0.400000000006173', 'Decay.Time..ms.': '0.500000000002387', 'Decay.Fit.b0': '74.9308569685742', 'Decay.Fit.b1': '49.0581556547982', 'Decay.Fit.Tau..ms.': '1.18156052651235', 'AUC..pA.ms.': '94.0529602707756', 'rise_max_time': '34.7717', 'baseline_time': '34.77135', 'event_index': '195434', 'file_prefix': '2023_08_23_0037', 'event_id': '2023_08_23_0037_ev00383_rec1', 'noise': 'no', 'event_entry_number': '37542', 'corrected_peak_index': 195445, 'corrected_peak_time': np.float64(34.77225), 'corrected_peak_pA': np.float64(89.26390838623047), 'corrected_peak_amp_pA': np.float64(14.500603410361165)}]","2023_08_23_0037.abf",195435,1,"383","1","34.7717","74.7633049758693","163.123965541435","88.3606605655657","2023_08_23_0037_ev00383_rec1","no","195434","2023_08_23_0037","34.77135","37542"
"[np.float64(82.74145), np.float64(82.7415), np.float64(82.74155), np.float64(82.7416), np.float64(82.74164999999999), np.float64(82.7417), np.float64(82.74175), np.float64(82.7418)]",154829,"[{'Event.Number': '917', 'Record': '3', 'Event.Time..s.': '82.74165', 'Baseline..pA.': '70.0555492505552', 'Peak..pA.': '376.483798595738', 'Amplitude..pA.': '306.428249345182', 'Rise.Time..ms.': '0.249999999994088', 'Half.Width..ms.': '0.299999999995748', 'Decay.Time..ms.': '0.10000000000332', 'Decay.Fit.b0': '74.5888025954836', 'Decay.Fit.b1': '294.590691520435', 'Decay.Fit.Tau..ms.': '0.0717950231253931', 'AUC..pA.ms.': '303.120153993752', 'rise_max_time': '82.74165', 'baseline_time': '82.74135', 'event_index': '154833', 'file_prefix': '2023_08_23_0038', 'event_id': '2023_08_23_0038_ev00917_rec3', 'noise': 'no', 'event_entry_number': '39186', 'corrected_peak_index': 154846, 'corrected_peak_time': np.float64(82.7423), 'corrected_peak_pA': np.float64(98.41918182373047), 'corrected_peak_amp_pA': np.float64(28.363632573175266)}]","2023_08_23_0038.abf",154836,3,"917","3","82.74165","70.0555492505552","376.483798595738","306.428249345182","2023_08_23_0038_ev00917_rec3","no","154833","2023_08_23_0038","82.74135","39186"
"[np.float64(9.920649999999998), np.float64(9.920699999999998), np.float64(9.92075), np.float64(9.9208), np.float64(9.92085), np.float64(9.9209), np.float64(9.92095)]",198413,"[{'Event.Number': '185', 'Record': '0', 'Event.Time..s.': '9.9209', 'Baseline..pA.': '-68.7020970632207', 'Peak..pA.': '-77.9309802604622', 'Amplitude..pA.': '-9.22888319724153', 'Rise.Time..ms.': '0.300000000001077', 'Half.Width..ms.': '0', 'Decay.Time..ms.': '0', 'Decay.Fit.b0': '-63.2428868598379', 'Decay.Fit.b1': '-6.35574345825814', 'Decay.Fit.Tau..ms.': '4.36621139865607', 'AUC..pA.ms.': '124.376621908803', 'rise_max_time': '9.9209', 'baseline_time': '9.9206', 'event_index': '198418', 'file_prefix': '2024_06_06_0041', 'event_id': '2024_06_06_0041_ev00185_rec0', 'noise': 'no', 'event_entry_number': '134185', 'corrected_peak_index': 198429, 'corrected_peak_time': np.float64(9.921449999999998), 'corrected_peak_pA': np.float64(-75.37841796875), 'corrected_peak_amp_pA': np.float64(-6.676320905529295)}]","2024_06_06_0041.abf",198419,0,"185","0","9.9209","-68.7020970632207","-77.9309802604622","-9.22888319724153","2024_06_06_0041_ev00185_rec0","no","198418","2024_06_06_0041","9.9206","134185"
"[np.float64(27.971749999999997), np.float64(27.971799999999995), np.float64(27.971849999999996), np.float64(27.971899999999998), np.float64(27.971949999999996), np.float64(27.971999999999998), np.float64(27.972049999999996), np.float64(27.972099999999998), np.float64(27.972149999999996)]",59435,"[{'Event.Number': '326', 'Record': '1', 'Event.Time..s.': '27.972', 'Baseline..pA.': '71.0522675227024', 'Peak..pA.': '566.759620662774', 'Amplitude..pA.': '495.707353140072', 'Rise.Time..ms.': '0', 'Half.Width..ms.': '0.0499999999981071', 'Decay.Time..ms.': '0.0499999999981071', 'Decay.Fit.b0': '58.0135775391016', 'Decay.Fit.b1': '510.430538031369', 'Decay.Fit.Tau..ms.': '0.0412752472794971', 'AUC..pA.ms.': '-202.302489209988', 'rise_max_time': '27.972', 'baseline_time': '27.97185', 'event_index': '59440', 'file_prefix': '2024_06_20_0019', 'event_id': '2024_06_20_0019_ev00326_rec1', 'noise': 'no', 'event_entry_number': '167089', 'corrected_peak_index': 59453, 'corrected_peak_time': np.float64(27.972649999999998), 'corrected_peak_pA': np.float64(66.71142578125), 'corrected_peak_amp_pA': np.float64(-4.340841741452394)}]","2024_06_20_0019.abf",59443,1,"326","1","27.972","71.0522675227024","566.759620662774","495.707353140072","2024_06_20_0019_ev00326_rec1","no","59440","2024_06_20_0019","27.97185","167089"
"[np.float64(39.244949999999996), np.float64(39.245), np.float64(39.24505), np.float64(39.245099999999994), np.float64(39.245149999999995), np.float64(39.2452), np.float64(39.24525)]",284899,"[{'Event.Number': '512', 'Record': '1', 'Event.Time..s.': '39.24515', 'Baseline..pA.': '91.744554247175', 'Peak..pA.': '137.0849609375', 'Amplitude..pA.': '45.3404066903251', 'Rise.Time..ms.': '0.249999999994088', 'Half.Width..ms.': '30.2499999999952', 'Decay.Time..ms.': '30.0000000000011', 'Decay.Fit.b0': '89.6268788918678', 'Decay.Fit.b1': '-28.2291587653799', 'Decay.Fit.Tau..ms.': '23.1010425023252', 'AUC..pA.ms.': '-509.914688597832', 'rise_max_time': '39.24515', 'baseline_time': '39.2449', 'event_index': '284903', 'file_prefix': '2024_06_20_0019', 'event_id': '2024_06_20_0019_ev00512_rec1', 'noise': 'no', 'event_entry_number': '167275', 'corrected_peak_index': 284915, 'corrected_peak_time': np.float64(39.24575), 'corrected_peak_pA': np.float64(82.64159393310547), 'corrected_peak_amp_pA': np.float64(-9.102960314069534)}]","2024_06_20_0019.abf",284905,1,"512","1","39.24515","91.744554247175","137.0849609375","45.3404066903251","2024_06_20_0019_ev00512_rec1","no","284903","2024_06_20_0019","39.2449","167275"
"[np.float64(39.364399999999996), np.float64(39.36445), np.float64(39.3645), np.float64(39.364549999999994), np.float64(39.364599999999996), np.float64(39.36465), np.float64(39.3647)]",287288,"[{'Event.Number': '516', 'Record': '1', 'Event.Time..s.': '39.36445', 'Baseline..pA.': '90.0035994393485', 'Peak..pA.': '480.163543701172', 'Amplitude..pA.': '390.159944261823', 'Rise.Time..ms.': '0.149999999997874', 'Half.Width..ms.': '0.149999999997874', 'Decay.Time..ms.': '0.149999999997874', 'Decay.Fit.b0': '60.1724262202274', 'Decay.Fit.b1': '487.474000375504', 'Decay.Fit.Tau..ms.': '0.144563765083714', 'AUC..pA.ms.': '-802.537409355598', 'rise_max_time': '39.36445', 'baseline_time': '39.3643', 'event_index': '287289', 'file_prefix': '2024_06_20_0019', 'event_id': '2024_06_20_0019_ev00516_rec1', 'noise': 'no', 'event_entry_number': '167279', 'corrected_peak_index': 287304, 'corrected_peak_time': np.float64(39.3652), 'corrected_peak_pA': np.float64(91.73583221435547), 'corrected_peak_amp_pA': np.float64(1.7322327750069633)}]","2024_06_20_0019.abf",287294,1,"516","1","39.36445","90.0035994393485","480.163543701172","390.159944261823","2024_06_20_0019_ev00516_rec1","no","287289","2024_06_20_0019","39.3643","167279"
"[np.float64(85.85845), np.float64(85.8585), np.float64(85.85855), np.float64(85.8586), np.float64(85.85865), np.float64(85.8587), np.float64(85.85875)]",217169,"[{'Event.Number': '594', 'Record': '3', 'Event.Time..s.': '85.85865', 'Baseline..pA.': '-106.404614766439', 'Peak..pA.': '-234.374984741211', 'Amplitude..pA.': '-127.970369974772', 'Rise.Time..ms.': '0.349999999997408', 'Half.Width..ms.': '0.499999999988177', 'Decay.Time..ms.': '0.399999999999068', 'Decay.Fit.b0': '-105.801848745038', 'Decay.Fit.b1': '-127.086939298277', 'Decay.Fit.Tau..ms.': '0.38453029907712', 'AUC..pA.ms.': '-72.0774336496991', 'rise_max_time': '85.85865', 'baseline_time': '85.8583', 'event_index': '217173', 'file_prefix': '2026_01_14_0002', 'event_id': '2026_01_14_0002_ev00594_rec3', 'noise': 'no', 'event_entry_number': '264954', 'corrected_peak_index': 217185, 'corrected_peak_time': np.float64(85.85925), 'corrected_peak_pA': np.float64(-131.53076171875), 'corrected_peak_amp_pA': np.float64(-25.126146952311004)}]","2026_01_14_0002.abf",217175,3,"594","3","85.85865","-106.404614766439","-234.374984741211","-127.970369974772","2026_01_14_0002_ev00594_rec3","no","217173","2026_01_14_0002","85.8583","264954"
"[np.float64(10.789549999999998), np.float64(10.789599999999998), np.float64(10.789649999999998), np.float64(10.7897), np.float64(10.78975), np.float64(10.7898)]",215791,"[{'Event.Number': '243', 'Record': '0', 'Event.Time..s.': '10.78975', 'Baseline..pA.': '-175.853895641509', 'Peak..pA.': '-299.98779296875', 'Amplitude..pA.': '-124.133897327241', 'Rise.Time..ms.': '10.4000000000006', 'Half.Width..ms.': '0.250000000001194', 'Decay.Time..ms.': '1.54999999999994', 'Decay.Fit.b0': '-181.031613351699', 'Decay.Fit.b1': '-45.6275931053132', 'Decay.Fit.Tau..ms.': '13.8532053336304', 'AUC..pA.ms.': '-1125.03596485683', 'rise_max_time': '10.78975', 'baseline_time': '10.77885', 'event_index': '215795', 'file_prefix': '2026_01_20_0007', 'event_id': '2026_01_20_0007_ev00243_rec0', 'noise': 'no', 'event_entry_number': '307204', 'corrected_peak_index': 215806, 'corrected_peak_time': np.float64(10.790299999999998), 'corrected_peak_pA': np.float64(-224.91453552246094), 'corrected_peak_amp_pA': np.float64(-49.060639880951925)}]","2026_01_20_0007.abf",215796,0,"243","0","10.78975","-175.853895641509","-299.98779296875","-124.133897327241","2026_01_20_0007_ev00243_rec0","no","215795","2026_01_20_0007","10.77885","307204"
"[np.float64(5.14525), np.float64(5.1453), np.float64(5.14535), np.float64(5.1453999999999995), np.float64(5.145449999999999), np.float64(5.145499999999999)]",102905,"[{'Event.Number': '67', 'Record': '0', 'Event.Time..s.': '5.14535', 'Baseline..pA.': '266.164326895739', 'Peak..pA.': '448.048816246018', 'Amplitude..pA.': '181.884489350279', 'Rise.Time..ms.': '0.300000000000189', 'Half.Width..ms.': '0.300000000000189', 'Decay.Time..ms.': '0.199999999999534', 'Decay.Fit.b0': '269.63346688732', 'Decay.Fit.b1': '175.016073344497', 'Decay.Fit.Tau..ms.': '0.199501651827642', 'AUC..pA.ms.': '170.340576585547', 'rise_max_time': '5.1453', 'baseline_time': '5.145', 'event_index': '102907', 'file_prefix': '2026_01_20_0026', 'event_id': '2026_01_20_0026_ev00067_rec0', 'noise': 'no', 'event_entry_number': '328093', 'corrected_peak_index': 102920, 'corrected_peak_time': np.float64(5.146), 'corrected_peak_pA': np.float64(292.05322265625), 'corrected_peak_amp_pA': np.float64(25.88889576051099)}]","2026_01_20_0026.abf",102910,0,"67","0","5.14535","266.164326895739","448.048816246018","181.884489350279","2026_01_20_0026_ev00067_rec0","no","102907","2026_01_20_0026","5.145","328093"
"[np.float64(33.139599999999994), np.float64(33.139649999999996), np.float64(33.1397), np.float64(33.13975), np.float64(33.139799999999994), np.float64(33.139849999999996), np.float64(33.1399), np.float64(33.13995), np.float64(33.14)]",162792,"[{'Event.Number': '67', 'Record': '1', 'Event.Time..s.': '33.13985', 'Baseline..pA.': '-22.7822382812183', 'Peak..pA.': '-88.5562469129961', 'Amplitude..pA.': '-65.7740086317778', 'Rise.Time..ms.': '0.349999999997408', 'Half.Width..ms.': '0.499999999995282', 'Decay.Time..ms.': '0.250000000001194', 'Decay.Fit.b0': '-24.4975637914797', 'Decay.Fit.b1': '-59.912914977197', 'Decay.Fit.Tau..ms.': '0.278358623337327', 'AUC..pA.ms.': '-96.6708568778968', 'rise_max_time': '33.13985', 'baseline_time': '33.13945', 'event_index': '162797', 'file_prefix': '2026_01_22_0016', 'event_id': '2026_01_22_0016_ev00067_rec1', 'noise': 'no', 'event_entry_number': '357172', 'corrected_peak_index': 162810, 'corrected_peak_time': np.float64(33.140499999999996), 'corrected_peak_pA': np.float64(-30.822751998901367), 'corrected_peak_amp_pA': np.float64(-8.040513717683066)}]","2026_01_22_0016.abf",162800,1,"67","1","33.13985","-22.7822382812183","-88.5562469129961","-65.7740086317778","2026_01_22_0016_ev00067_rec1","no","162797","2026_01_22_0016","33.13945","357172"
"[np.float64(35.66325), np.float64(35.6633), np.float64(35.663349999999994), np.float64(35.663399999999996), np.float64(35.66345), np.float64(35.6635), np.float64(35.66355)]",213265,"[{'Event.Number': '379', 'Record': '1', 'Event.Time..s.': '35.66345', 'Baseline..pA.': '-77.6309044247582', 'Peak..pA.': '-122.070304870605', 'Amplitude..pA.': '-44.4394004458473', 'Rise.Time..ms.': '0.349999999997408', 'Half.Width..ms.': '0.250000000001194', 'Decay.Time..ms.': '0', 'Decay.Fit.b0': '-71.5733118928114', 'Decay.Fit.b1': '-19.3323639736271', 'Decay.Fit.Tau..ms.': '2.88638874541576', 'AUC..pA.ms.': '103.963920938401', 'rise_max_time': '35.66345', 'baseline_time': '35.6624', 'event_index': '213269', 'file_prefix': '2026_04_16_0022', 'event_id': '2026_04_16_0022_ev00379_rec1', 'noise': 'no', 'event_entry_number': '371724', 'corrected_peak_index': 213281, 'corrected_peak_time': np.float64(35.664049999999996), 'corrected_peak_pA': np.float64(-81.78710174560547), 'corrected_peak_amp_pA': np.float64(-4.156197320847269)}]","2026_04_16_0022.abf",213271,1,"379","1","35.66345","-77.6309044247582","-122.070304870605","-44.4394004458473","2026_04_16_0022_ev00379_rec1","no","213269","2026_04_16_0022","35.6624","371724"
"[np.float64(39.23195), np.float64(39.232), np.float64(39.23205), np.float64(39.232099999999996)]",284639,"[{'Event.Number': '360', 'Record': '1', 'Event.Time..s.': '39.232', 'Baseline..pA.': '-95.8251876831055', 'Peak..pA.': '-130.0048828125', 'Amplitude..pA.': '-34.1796951293945', 'Rise.Time..ms.': '0.150000000004979', 'Half.Width..ms.': '0.10000000000332', 'Decay.Time..ms.': '0', 'Decay.Fit.b0': '-88.6724981705045', 'Decay.Fit.b1': '-9.38448262609679', 'Decay.Fit.Tau..ms.': '6.65288440606072', 'AUC..pA.ms.': '149.27672996521', 'rise_max_time': '39.232', 'baseline_time': '39.23185', 'event_index': '284640', 'file_prefix': '2026_04_28_0001', 'event_id': '2026_04_28_0001_ev00360_rec1', 'noise': 'no', 'event_entry_number': '403903', 'corrected_peak_index': 284652, 'corrected_peak_time': np.float64(39.2326), 'corrected_peak_pA': np.float64(-95.21483612060547), 'corrected_peak_amp_pA': np.float64(0.6103515625000284)}]","2026_04_28_0001.abf",284642,1,"360","1","39.232","-95.8251876831055","-130.0048828125","-34.1796951293945","2026_04_28_0001_ev00360_rec1","no","284640","2026_04_28_0001","39.23185","403903"
"[np.float64(3.77275), np.float64(3.7727999999999997), np.float64(3.7728499999999996)]",75455,"[{'Event.Number': '44', 'Record': '0', 'Event.Time..s.': '3.7728', 'Baseline..pA.': '-43.7357144645675', 'Peak..pA.': '-63.7240354681258', 'Amplitude..pA.': '-19.9883210035583', 'Rise.Time..ms.': '0.249999999999861', 'Half.Width..ms.': '0.199999999999978', 'Decay.Time..ms.': '0', 'Decay.Fit.b0': '-31.7508123088323', 'Decay.Fit.b1': '-14.3868991912185', 'Decay.Fit.Tau..ms.': '3.04871946717816', 'AUC..pA.ms.': '313.083731133682', 'rise_max_time': '3.7728', 'baseline_time': '3.77225', 'event_index': '75456', 'file_prefix': '2026_04_28_0022', 'event_id': '2026_04_28_0022_ev00044_rec0', 'noise': 'no', 'event_entry_number': '408342', 'corrected_peak_index': 75467, 'corrected_peak_time': np.float64(3.7733499999999998), 'corrected_peak_pA': np.float64(-33.5693359375), 'corrected_peak_amp_pA': np.float64(10.1663785270675)}]","2026_04_28_0022.abf",75457,0,"44","0","3.7728","-43.7357144645675","-63.7240354681258","-19.9883210035583","2026_04_28_0022_ev00044_rec0","no","75456","2026_04_28_0022","3.77225","408342"
"[np.float64(31.198249999999998), np.float64(31.198299999999996), np.float64(31.198349999999998), np.float64(31.198399999999996)]",123965,"[{'Event.Number': '354', 'Record': '1', 'Event.Time..s.': '31.19825', 'Baseline..pA.': '-62.7411868914787', 'Peak..pA.': '-120.563936473875', 'Amplitude..pA.': '-57.8227495823962', 'Rise.Time..ms.': '2.44999999999962', 'Half.Width..ms.': '3.65000000000038', 'Decay.Time..ms.': '0', 'Decay.Fit.b0': '-41.3370878110986', 'Decay.Fit.b1': '-25.3701250398938', 'Decay.Fit.Tau..ms.': '12.3865432345084', 'AUC..pA.ms.': '359.836709108865', 'rise_max_time': '31.19825', 'baseline_time': '31.19415', 'event_index': '123965', 'file_prefix': '2026_04_28_0022', 'event_id': '2026_04_28_0022_ev00354_rec1', 'noise': 'no', 'event_entry_number': '408652', 'corrected_peak_index': 123978, 'corrected_peak_time': np.float64(31.198899999999995), 'corrected_peak_pA': np.float64(-53.100582122802734), 'corrected_peak_amp_pA': np.float64(9.640604768675963)}]","2026_04_28_0022.abf",123968,1,"354","1","31.19825","-62.7411868914787","-120.563936473875","-57.8227495823962","2026_04_28_0022_ev00354_rec1","no","123965","2026_04_28_0022","31.19415","408652"
"[np.float64(53.8045), np.float64(53.80455), np.float64(53.8046), np.float64(53.80465), np.float64(53.8047)]",76090,"[{'Event.Number': '626', 'Record': '2', 'Event.Time..s.': '53.80455', 'Baseline..pA.': '-48.5027908969745', 'Peak..pA.': '-64.7799650323745', 'Amplitude..pA.': '-16.2771741354', 'Rise.Time..ms.': '0.0999999999962142', 'Half.Width..ms.': '30.0000000000011', 'Decay.Time..ms.': '30.0000000000011', 'Decay.Fit.b0': '-64091.6954273454', 'Decay.Fit.b1': '64045.6303042019', 'Decay.Fit.Tau..ms.': '354323.153677705', 'AUC..pA.ms.': '-10.6333829283236', 'rise_max_time': '53.80455', 'baseline_time': '53.80445', 'event_index': '76091', 'file_prefix': '2026_04_28_0022', 'event_id': '2026_04_28_0022_ev00626_rec2', 'noise': 'no', 'event_entry_number': '408924', 'corrected_peak_index': 76104, 'corrected_peak_time': np.float64(53.8052), 'corrected_peak_pA': np.float64(-48.217769622802734), 'corrected_peak_amp_pA': np.float64(0.28502127417176837)}]","2026_04_28_0022.abf",76094,2,"626","2","53.80455","-48.5027908969745","-64.7799650323745","-16.2771741354","2026_04_28_0022_ev00626_rec2","no","76091","2026_04_28_0022","53.80445","408924"
"[np.float64(39.292649999999995), np.float64(39.292699999999996), np.float64(39.29275), np.float64(39.2928), np.float64(39.29285), np.float64(39.292899999999996)]",285853,"[{'Event.Number': '545', 'Record': '1', 'Event.Time..s.': '39.29285', 'Baseline..pA.': '-65.1332293919155', 'Peak..pA.': '-93.3837814331055', 'Amplitude..pA.': '-28.25055204119', 'Rise.Time..ms.': '3.59999999999872', 'Half.Width..ms.': '5.34999999999997', 'Decay.Time..ms.': '4.89999999999213', 'Decay.Fit.b0': '-53.4740240097228', 'Decay.Fit.b1': '-36.9004355515609', 'Decay.Fit.Tau..ms.': '9.59680930718754', 'AUC..pA.ms.': '-27.5268150329588', 'rise_max_time': '39.29275', 'baseline_time': '39.28905', 'event_index': '285857', 'file_prefix': '2026_04_28_0023', 'event_id': '2026_04_28_0023_ev00545_rec1', 'noise': 'no', 'event_entry_number': '410114', 'corrected_peak_index': 285868, 'corrected_peak_time': np.float64(39.2934), 'corrected_peak_pA': np.float64(-88.50096893310547), 'corrected_peak_amp_pA': np.float64(-23.367739541189962)}]","2026_04_28_0023.abf",285858,1,"545","1","39.29285","-65.1332293919155","-93.3837814331055","-28.25055204119","2026_04_28_0023_ev00545_rec1","no","285857","2026_04_28_0023","39.28905","410114"
"[np.float64(54.7696), np.float64(54.76965), np.float64(54.7697), np.float64(54.76975), np.float64(54.7698), np.float64(54.76985)]",95392,"[{'Event.Number': '755', 'Record': '2', 'Event.Time..s.': '54.7698', 'Baseline..pA.': '-57.8374486318759', 'Peak..pA.': '-72.1699308833871', 'Amplitude..pA.': '-14.3324822515112', 'Rise.Time..ms.': '0.249999999994088', 'Half.Width..ms.': '30.2499999999952', 'Decay.Time..ms.': '30.0000000000011', 'Decay.Fit.b0': '-60.7396368539254', 'Decay.Fit.b1': '5.13648834594597', 'Decay.Fit.Tau..ms.': '4.16674216080402', 'AUC..pA.ms.': '-71.6005092078782', 'rise_max_time': '54.7698', 'baseline_time': '54.76955', 'event_index': '95396', 'file_prefix': '2026_04_28_0023', 'event_id': '2026_04_28_0023_ev00755_rec2', 'noise': 'no', 'event_entry_number': '410324', 'corrected_peak_index': 95407, 'corrected_peak_time': np.float64(54.77035), 'corrected_peak_pA': np.float64(-51.269527435302734), 'corrected_peak_amp_pA': np.float64(6.567921196573167)}]","2026_04_28_0023.abf",95397,2,"755","2","54.7698","-57.8374486318759","-72.1699308833871","-14.3324822515112","2026_04_28_0023_ev00755_rec2","no","95396","2026_04_28_0023","54.76955","410324"
"[np.float64(15.372049999999998), np.float64(15.372099999999998), np.float64(15.37215), np.float64(15.3722), np.float64(15.37225), np.float64(15.3723)]",307441,"[{'Event.Number': '216', 'Record': '0', 'Event.Time..s.': '15.3723', 'Baseline..pA.': '-99.4746144877419', 'Peak..pA.': '-135.788034873754', 'Amplitude..pA.': '-36.3134203860123', 'Rise.Time..ms.': '1.54999999999994', 'Half.Width..ms.': '16.6500000000003', 'Decay.Time..ms.': '17.9999999999989', 'Decay.Fit.b0': '133.585156272741', 'Decay.Fit.b1': '-278.767237309153', 'Decay.Fit.Tau..ms.': '146.427792018535', 'AUC..pA.ms.': '-634.12956402747', 'rise_max_time': '15.3716', 'baseline_time': '15.3698', 'event_index': '307446', 'file_prefix': '2026_04_28_0024', 'event_id': '2026_04_28_0024_ev00216_rec0', 'noise': 'no', 'event_entry_number': '411132', 'corrected_peak_index': 307456, 'corrected_peak_time': np.float64(15.372799999999998), 'corrected_peak_pA': np.float64(-139.7705078125), 'corrected_peak_amp_pA': np.float64(-40.2958933247581)}]","2026_04_28_0024.abf",307446,0,"216","0","15.3723","-99.4746144877419","-135.788034873754","-36.3134203860123","2026_04_28_0024_ev00216_rec0","no","307446","2026_04_28_0024","15.3698","411132"
"[np.float64(44.47105), np.float64(44.47109999999999), np.float64(44.471149999999994), np.float64(44.471199999999996), np.float64(44.47125), np.float64(44.4713)]",389421,"[{'Event.Number': '757', 'Record': '1', 'Event.Time..s.': '44.47125', 'Baseline..pA.': '-109.160890365293', 'Peak..pA.': '-225.974369546251', 'Amplitude..pA.': '-116.813479180958', 'Rise.Time..ms.': '3.45000000000084', 'Half.Width..ms.': '11.8500000000026', 'Decay.Time..ms.': '13.1999999999977', 'Decay.Fit.b0': '-131.901050024461', 'Decay.Fit.b1': '-101.052557208464', 'Decay.Fit.Tau..ms.': '8.28186567359573', 'AUC..pA.ms.': '-1847.47743090418', 'rise_max_time': '44.4706', 'baseline_time': '44.4669', 'event_index': '389425', 'file_prefix': '2026_04_28_0024', 'event_id': '2026_04_28_0024_ev00757_rec1', 'noise': 'no', 'event_entry_number': '411673', 'corrected_peak_index': 389436, 'corrected_peak_time': np.float64(44.4718), 'corrected_peak_pA': np.float64(-219.11619567871094), 'corrected_peak_amp_pA': np.float64(-109.95530531341794)}]","2026_04_28_0024.abf",389426,1,"757","1","44.47125","-109.160890365293","-225.974369546251","-116.813479180958","2026_04_28_0024_ev00757_rec1","no","389425","2026_04_28_0024","44.4669","411673"
"[np.float64(83.13605), np.float64(83.1361), np.float64(83.13615)]",162721,"[{'Event.Number': '1223', 'Record': '3', 'Event.Time..s.': '83.13605', 'Baseline..pA.': '-125.870395335064', 'Peak..pA.': '-176.426298833116', 'Amplitude..pA.': '-50.5559034980523', 'Rise.Time..ms.': '0.199999999992428', 'Half.Width..ms.': '0.249999999994088', 'Decay.Time..ms.': '0.0500000000016598', 'Decay.Fit.b0': '-120.864222891555', 'Decay.Fit.b1': '-55.0812942174435', 'Decay.Fit.Tau..ms.': '0.0655574988804491', 'AUC..pA.ms.': '145.357456941688', 'rise_max_time': '83.13605', 'baseline_time': '83.1358', 'event_index': '162721', 'file_prefix': '2026_04_28_0024', 'event_id': '2026_04_28_0024_ev01223_rec3', 'noise': 'no', 'event_entry_number': '412139', 'corrected_peak_index': 162733, 'corrected_peak_time': np.float64(83.13665), 'corrected_peak_pA': np.float64(-123.29100799560547), 'corrected_peak_amp_pA': np.float64(2.5793873394585347)}]","2026_04_28_0024.abf",162723,3,"1223","3","83.13605","-125.870395335064","-176.426298833116","-50.5559034980523","2026_04_28_0024_ev01223_rec3","no","162721","2026_04_28_0024","83.1358","412139"
"[np.float64(59.26515), np.float64(59.2652), np.float64(59.26525), np.float64(59.265299999999996)]",185303,"[{'Event.Number': '1098', 'Record': '2', 'Event.Time..s.': '59.2652', 'Baseline..pA.': '-203.243449540274', 'Peak..pA.': '-228.928224961904', 'Amplitude..pA.': '-25.6847754216299', 'Rise.Time..ms.': '0.300000000002854', 'Half.Width..ms.': '0.849999999999795', 'Decay.Time..ms.': '1.95000000000078', 'Decay.Fit.b0': '-193.478048715121', 'Decay.Fit.b1': '-24.2837821834353', 'Decay.Fit.Tau..ms.': '8.39232794311591', 'AUC..pA.ms.': '89.7543216145556', 'rise_max_time': '59.2652', 'baseline_time': '59.2648', 'event_index': '185304', 'file_prefix': '2026_04_28_0025', 'event_id': '2026_04_28_0025_ev01098_rec2', 'noise': 'no', 'event_entry_number': '413445', 'corrected_peak_index': 185316, 'corrected_peak_time': np.float64(59.2658), 'corrected_peak_pA': np.float64(-212.40232849121094), 'corrected_peak_amp_pA': np.float64(-9.158878950936924)}]","2026_04_28_0025.abf",185306,2,"1098","2","59.2652","-203.243449540274","-228.928224961904","-25.6847754216299","2026_04_28_0025_ev01098_rec2","no","185304","2026_04_28_0025","59.2648","413445"
"[np.float64(52.08255), np.float64(52.0826), np.float64(52.08265), np.float64(52.0827), np.float64(52.08275)]",41651,"[{'Event.Number': '867', 'Record': '2', 'Event.Time..s.': '52.0826', 'Baseline..pA.': '-53.539252132399', 'Peak..pA.': '-85.0934917144511', 'Amplitude..pA.': '-31.5542395820522', 'Rise.Time..ms.': '0.799999999998136', 'Half.Width..ms.': '1.4499999999984', 'Decay.Time..ms.': '0', 'Decay.Fit.b0': '-44.1331790491216', 'Decay.Fit.b1': '-15.1017649703976', 'Decay.Fit.Tau..ms.': '1.77929034051503', 'AUC..pA.ms.': '250.507969010197', 'rise_max_time': '52.0826', 'baseline_time': '52.0809', 'event_index': '41652', 'file_prefix': '2026_04_28_0060', 'event_id': '2026_04_28_0060_ev00867_rec2', 'noise': 'no', 'event_entry_number': '420419', 'corrected_peak_index': 41665, 'corrected_peak_time': np.float64(52.08325), 'corrected_peak_pA': np.float64(-58.593746185302734), 'corrected_peak_amp_pA': np.float64(-5.054494052903735)}]","2026_04_28_0060.abf",41655,2,"867","2","52.0826","-53.539252132399","-85.0934917144511","-31.5542395820522","2026_04_28_0060_ev00867_rec2","no","41652","2026_04_28_0060","52.0809","420419"
"[np.float64(58.0262), np.float64(58.02625), np.float64(58.0263), np.float64(58.02635), np.float64(58.026399999999995)]",160524,"[{'Event.Number': '942', 'Record': '2', 'Event.Time..s.': '58.02625', 'Baseline..pA.': '-63.4009784272911', 'Peak..pA.': '-106.206986401688', 'Amplitude..pA.': '-42.806007974397', 'Rise.Time..ms.': '0.349999999997408', 'Half.Width..ms.': '0.450000000000728', 'Decay.Time..ms.': '0', 'Decay.Fit.b0': '-40.4679505629856', 'Decay.Fit.b1': '-28.4982546145132', 'Decay.Fit.Tau..ms.': '4.81153081127218', 'AUC..pA.ms.': '546.329982788362', 'rise_max_time': '58.02625', 'baseline_time': '58.02575', 'event_index': '160525', 'file_prefix': '2026_04_28_0060', 'event_id': '2026_04_28_0060_ev00942_rec2', 'noise': 'no', 'event_entry_number': '420494', 'corrected_peak_index': 160538, 'corrected_peak_time': np.float64(58.0269), 'corrected_peak_pA': np.float64(-64.0869140625), 'corrected_peak_amp_pA': np.float64(-0.6859356352088994)}]","2026_04_28_0060.abf",160528,2,"942","2","58.02625","-63.4009784272911","-106.206986401688","-42.806007974397","2026_04_28_0060_ev00942_rec2","no","160525","2026_04_28_0060","58.02575","420494"
"[np.float64(74.6095), np.float64(74.60955), np.float64(74.6096), np.float64(74.60965)]",492190,"[{'Event.Number': '1206', 'Record': '2', 'Event.Time..s.': '74.6095', 'Baseline..pA.': '-51.0332052475535', 'Peak..pA.': '-127.068835328698', 'Amplitude..pA.': '-76.0356300811443', 'Rise.Time..ms.': '6.64999999999338', 'Half.Width..ms.': '1.69999999999959', 'Decay.Time..ms.': '0.10000000000332', 'Decay.Fit.b0': '-61.8345541277054', 'Decay.Fit.b1': '-63.1099462450979', 'Decay.Fit.Tau..ms.': '0.0791228556266101', 'AUC..pA.ms.': '-449.951540674899', 'rise_max_time': '74.6095', 'baseline_time': '74.6028', 'event_index': '492190', 'file_prefix': '2026_04_28_0060', 'event_id': '2026_04_28_0060_ev01206_rec2', 'noise': 'no', 'event_entry_number': '420758', 'corrected_peak_index': 492203, 'corrected_peak_time': np.float64(74.61014999999999), 'corrected_peak_pA': np.float64(-59.204097747802734), 'corrected_peak_amp_pA': np.float64(-8.170892500249238)}]","2026_04_28_0060.abf",492193,2,"1206","2","74.6095","-51.0332052475535","-127.068835328698","-76.0356300811443","2026_04_28_0060_ev01206_rec2","no","492190","2026_04_28_0060","74.6028","420758"
"[np.float64(78.82785), np.float64(78.8279), np.float64(78.82795), np.float64(78.828), np.float64(78.82805), np.float64(78.8281), np.float64(78.82815), np.float64(78.8282)]",76557,"[{'Event.Number': '1264', 'Record': '3', 'Event.Time..s.': '78.8281', 'Baseline..pA.': '-57.1289124795014', 'Peak..pA.': '-59.3451542201493', 'Amplitude..pA.': '-2.2162417406479', 'Rise.Time..ms.': '0', 'Half.Width..ms.': '0.549999999989836', 'Decay.Time..ms.': '0.649999999993156', 'Decay.Fit.b0': '-50.5396869655926', 'Decay.Fit.b1': '-9.59119759767244', 'Decay.Fit.Tau..ms.': '2.47790841552705', 'AUC..pA.ms.': '168.466921813315', 'rise_max_time': '78.8281', 'baseline_time': '78.8278', 'event_index': '76562', 'file_prefix': '2026_04_28_0060', 'event_id': '2026_04_28_0060_ev01264_rec3', 'noise': 'no', 'event_entry_number': '420816', 'corrected_peak_index': 76574, 'corrected_peak_time': np.float64(78.8287), 'corrected_peak_pA': np.float64(-69.580078125), 'corrected_peak_amp_pA': np.float64(-12.451165645498598)}]","2026_04_28_0060.abf",76564,3,"1264","3","78.8281","-57.1289124795014","-59.3451542201493","-2.2162417406479","2026_04_28_0060_ev01264_rec3","no","76562","2026_04_28_0060","78.8278","420816"
"[np.float64(89.93095), np.float64(89.931), np.float64(89.93105), np.float64(89.9311), np.float64(89.93115), np.float64(89.9312)]",298619,"[{'Event.Number': '1476', 'Record': '3', 'Event.Time..s.': '89.93095', 'Baseline..pA.': '-57.1114643641881', 'Peak..pA.': '-143.4326171875', 'Amplitude..pA.': '-86.3211528233119', 'Rise.Time..ms.': '3.10000000000343', 'Half.Width..ms.': '0.999999999990564', 'Decay.Time..ms.': '0.200000000006639', 'Decay.Fit.b0': '-61.101353827043', 'Decay.Fit.b1': '-29.429998980911', 'Decay.Fit.Tau..ms.': '4.23603207746033', 'AUC..pA.ms.': '-312.931639085497', 'rise_max_time': '89.93095', 'baseline_time': '89.9276', 'event_index': '298619', 'file_prefix': '2026_04_28_0060', 'event_id': '2026_04_28_0060_ev01476_rec3', 'noise': 'no', 'event_entry_number': '421028', 'corrected_peak_index': 298634, 'corrected_peak_time': np.float64(89.93169999999999), 'corrected_peak_pA': np.float64(-90.33202362060547), 'corrected_peak_amp_pA': np.float64(-33.22055925641737)}]","2026_04_28_0060.abf",298624,3,"1476","3","89.93095","-57.1114643641881","-143.4326171875","-86.3211528233119","2026_04_28_0060_ev01476_rec3","no","298619","2026_04_28_0060","89.9276","421028"
"[np.float64(98.19109999999999), np.float64(98.19115), np.float64(98.1912), np.float64(98.19125), np.float64(98.1913), np.float64(98.19135), np.float64(98.1914)]",463822,"[{'Event.Number': '1609', 'Record': '3', 'Event.Time..s.': '98.19135', 'Baseline..pA.': '-105.64244747661', 'Peak..pA.': '-142.326570002892', 'Amplitude..pA.': '-36.6841225262821', 'Rise.Time..ms.': '10.8999999999924', 'Half.Width..ms.': '13.1999999999977', 'Decay.Time..ms.': '4.04999999999234', 'Decay.Fit.b0': '12.3107023979879', 'Decay.Fit.b1': '-144.085909815692', 'Decay.Fit.Tau..ms.': '44.3120300469797', 'AUC..pA.ms.': '95.5464946549424', 'rise_max_time': '98.1886', 'baseline_time': '98.1763', 'event_index': '463827', 'file_prefix': '2026_04_28_0060', 'event_id': '2026_04_28_0060_ev01609_rec3', 'noise': 'no', 'event_entry_number': '421161', 'corrected_peak_index': 463838, 'corrected_peak_time': np.float64(98.19189999999999), 'corrected_peak_pA': np.float64(-133.6669921875), 'corrected_peak_amp_pA': np.float64(-28.024544710889998)}]","2026_04_28_0060.abf",463828,3,"1609","3","98.19135","-105.64244747661","-142.326570002892","-36.6841225262821","2026_04_28_0060_ev01609_rec3","no","463827","2026_04_28_0060","98.1763","421161"
"[np.float64(9.597449999999998), np.float64(9.597499999999998), np.float64(9.59755), np.float64(9.5976), np.float64(9.59765), np.float64(9.5977)]",191949,"[{'Event.Number': '150', 'Record': '0', 'Event.Time..s.': '9.59765', 'Baseline..pA.': '-81.7796467286552', 'Peak..pA.': '-98.9172585800968', 'Amplitude..pA.': '-17.1376118514416', 'Rise.Time..ms.': '0.250000000001194', 'Half.Width..ms.': '19.7000000000003', 'Decay.Time..ms.': '16.8999999999997', 'Decay.Fit.b0': '-495874.524597228', 'Decay.Fit.b1': '495801.064201683', 'Decay.Fit.Tau..ms.': '571310.019613642', 'AUC..pA.ms.': '-148.960707387318', 'rise_max_time': '9.59765', 'baseline_time': '9.59735', 'event_index': '191953', 'file_prefix': '2026_04_28_0061', 'event_id': '2026_04_28_0061_ev00150_rec0', 'noise': 'no', 'event_entry_number': '421345', 'corrected_peak_index': 191964, 'corrected_peak_time': np.float64(9.598199999999999), 'corrected_peak_pA': np.float64(-80.56639862060547), 'corrected_peak_amp_pA': np.float64(1.2132481080497257)}]","2026_04_28_0061.abf",191954,0,"150","0","9.59765","-81.7796467286552","-98.9172585800968","-17.1376118514416","2026_04_28_0061_ev00150_rec0","no","191953","2026_04_28_0061","9.59735","421345"
"[np.float64(24.490499999999997), np.float64(24.49055), np.float64(24.490599999999997), np.float64(24.49065), np.float64(24.490699999999997), np.float64(24.49075), np.float64(24.490799999999997)]",489810,"[{'Event.Number': '401', 'Record': '0', 'Event.Time..s.': '24.4907', 'Baseline..pA.': '-90.4343688907668', 'Peak..pA.': '-109.710698515739', 'Amplitude..pA.': '-19.2763296249723', 'Rise.Time..ms.': '0.199999999999534', 'Half.Width..ms.': '20.6999999999979', 'Decay.Time..ms.': '18.0000000000007', 'Decay.Fit.b0': '-594002.367007629', 'Decay.Fit.b1': '593921.820987233', 'Decay.Fit.Tau..ms.': '627489.746317983', 'AUC..pA.ms.': '-134.913896812733', 'rise_max_time': '24.49065', 'baseline_time': '24.49045', 'event_index': '489814', 'file_prefix': '2026_04_28_0061', 'event_id': '2026_04_28_0061_ev00401_rec0', 'noise': 'no', 'event_entry_number': '421596', 'corrected_peak_index': 489826, 'corrected_peak_time': np.float64(24.4913), 'corrected_peak_pA': np.float64(-91.55272674560547), 'corrected_peak_amp_pA': np.float64(-1.1183578548386635)}]","2026_04_28_0061.abf",489816,0,"401","0","24.4907","-90.4343688907668","-109.710698515739","-19.2763296249723","2026_04_28_0061_ev00401_rec0","no","489814","2026_04_28_0061","24.49045","421596"
"[np.float64(54.6507), np.float64(54.65075), np.float64(54.6508), np.float64(54.65085), np.float64(54.6509)]",93014,"[{'Event.Number': '817', 'Record': '2', 'Event.Time..s.': '54.6509', 'Baseline..pA.': '-109.537768507288', 'Peak..pA.': '-167.64442368483', 'Amplitude..pA.': '-58.1066551775422', 'Rise.Time..ms.': '4.20000000000442', 'Half.Width..ms.': '13.6499999999984', 'Decay.Time..ms.': '10.6499999999983', 'Decay.Fit.b0': '-108.143438839185', 'Decay.Fit.b1': '-62.5338283829175', 'Decay.Fit.Tau..ms.': '10.6032251303643', 'AUC..pA.ms.': '-872.720799956953', 'rise_max_time': '54.64755', 'baseline_time': '54.64275', 'event_index': '93018', 'file_prefix': '2026_04_28_0061', 'event_id': '2026_04_28_0061_ev00817_rec2', 'noise': 'no', 'event_entry_number': '422012', 'corrected_peak_index': 93028, 'corrected_peak_time': np.float64(54.6514), 'corrected_peak_pA': np.float64(-158.0810546875), 'corrected_peak_amp_pA': np.float64(-48.54328618021199)}]","2026_04_28_0061.abf",93018,2,"817","2","54.6509","-109.537768507288","-167.64442368483","-58.1066551775422","2026_04_28_0061_ev00817_rec2","no","93018","2026_04_28_0061","54.64275","422012"
"[np.float64(95.0877), np.float64(95.08775), np.float64(95.0878), np.float64(95.08785), np.float64(95.0879), np.float64(95.08794999999999), np.float64(95.088), np.float64(95.08805), np.float64(95.0881)]",401754,"[{'Event.Number': '1476', 'Record': '3', 'Event.Time..s.': '95.0878', 'Baseline..pA.': '-184.534205337089', 'Peak..pA.': '-197.289556871982', 'Amplitude..pA.': '-12.7553515348932', 'Rise.Time..ms.': '0', 'Half.Width..ms.': '0', 'Decay.Time..ms.': '0', 'Decay.Fit.b0': '-139.274234829799', 'Decay.Fit.b1': '-45.164924818472', 'Decay.Fit.Tau..ms.': '15.7929954040751', 'AUC..pA.ms.': '748.272205575678', 'rise_max_time': '95.0878', 'baseline_time': '95.08765', 'event_index': '401756', 'file_prefix': '2026_04_28_0061', 'event_id': '2026_04_28_0061_ev01476_rec3', 'noise': 'no', 'event_entry_number': '422671', 'corrected_peak_index': 401772, 'corrected_peak_time': np.float64(95.0886), 'corrected_peak_pA': np.float64(-181.27439880371094), 'corrected_peak_amp_pA': np.float64(3.259806533378054)}]","2026_04_28_0061.abf",401762,3,"1476","3","95.0878","-184.534205337089","-197.289556871982","-12.7553515348932","2026_04_28_0061_ev01476_rec3","no","401756","2026_04_28_0061","95.08765","422671"
"[np.float64(2.02505), np.float64(2.0250999999999997), np.float64(2.02515), np.float64(2.0252)]",40501,"[{'Event.Number': '34', 'Record': '0', 'Event.Time..s.': '2.0252', 'Baseline..pA.': '-252.194457116671', 'Peak..pA.': '-291.464972006425', 'Amplitude..pA.': '-39.2705148897539', 'Rise.Time..ms.': '3.89999999999979', 'Half.Width..ms.': '3.89999999999979', 'Decay.Time..ms.': '4.44999999999984', 'Decay.Fit.b0': '-250.707467348064', 'Decay.Fit.b1': '-33.2704319567645', 'Decay.Fit.Tau..ms.': '6.06100133237763', 'AUC..pA.ms.': '-314.274655295281', 'rise_max_time': '2.0234', 'baseline_time': '2.01875', 'event_index': '40504', 'file_prefix': '2026_04_28_0062', 'event_id': '2026_04_28_0062_ev00034_rec0', 'noise': 'no', 'event_entry_number': '422781', 'corrected_peak_index': 40514, 'corrected_peak_time': np.float64(2.0256999999999996), 'corrected_peak_pA': np.float64(-282.5927734375), 'corrected_peak_amp_pA': np.float64(-30.398316320828997)}]","2026_04_28_0062.abf",40504,0,"34","0","2.0252","-252.194457116671","-291.464972006425","-39.2705148897539","2026_04_28_0062_ev00034_rec0","no","40504","2026_04_28_0062","2.01875","422781"
"[np.float64(12.97825), np.float64(12.978299999999999), np.float64(12.978349999999999)]",259565,"[{'Event.Number': '218', 'Record': '0', 'Event.Time..s.': '12.97825', 'Baseline..pA.': '-290.440150669643', 'Peak..pA.': '-357.055633544922', 'Amplitude..pA.': '-66.615482875279', 'Rise.Time..ms.': '6.60000000000061', 'Half.Width..ms.': '33.5000000000001', 'Decay.Time..ms.': '29.9999999999994', 'Decay.Fit.b0': '-528566.231574292', 'Decay.Fit.b1': '528286.797811751', 'Decay.Fit.Tau..ms.': '453682.228245751', 'AUC..pA.ms.': '-319.076425170899', 'rise_max_time': '12.97825', 'baseline_time': '12.9713', 'event_index': '259565', 'file_prefix': '2026_04_28_0062', 'event_id': '2026_04_28_0062_ev00218_rec0', 'noise': 'no', 'event_entry_number': '422965', 'corrected_peak_index': 259577, 'corrected_peak_time': np.float64(12.97885), 'corrected_peak_pA': np.float64(-292.96875), 'corrected_peak_amp_pA': np.float64(-2.5285993303569967)}]","2026_04_28_0062.abf",259567,0,"218","0","12.97825","-290.440150669643","-357.055633544922","-66.615482875279","2026_04_28_0062_ev00218_rec0","no","259565","2026_04_28_0062","12.9713","422965"
"[np.float64(24.468349999999997), np.float64(24.4684), np.float64(24.468449999999997), np.float64(24.4685), np.float64(24.468549999999997)]",489367,"[{'Event.Number': '429', 'Record': '0', 'Event.Time..s.': '24.4685', 'Baseline..pA.': '-287.757494097969', 'Peak..pA.': '-303.100314398726', 'Amplitude..pA.': '-15.3428203007569', 'Rise.Time..ms.': '1.00000000000122', 'Half.Width..ms.': '14.3999999999984', 'Decay.Time..ms.': '12.6500000000007', 'Decay.Fit.b0': '-978467.565888558', 'Decay.Fit.b1': '978212.85823666', 'Decay.Fit.Tau..ms.': '320113.23572663', 'AUC..pA.ms.': '-387.810899964964', 'rise_max_time': '24.4685', 'baseline_time': '24.4674', 'event_index': '489370', 'file_prefix': '2026_04_28_0062', 'event_id': '2026_04_28_0062_ev00429_rec0', 'noise': 'no', 'event_entry_number': '423176', 'corrected_peak_index': 489381, 'corrected_peak_time': np.float64(24.46905), 'corrected_peak_pA': np.float64(-283.203125), 'corrected_peak_amp_pA': np.float64(4.5543690979690155)}]","2026_04_28_0062.abf",489371,0,"429","0","24.4685","-287.757494097969","-303.100314398726","-15.3428203007569","2026_04_28_0062_ev00429_rec0","no","489370","2026_04_28_0062","24.4674","423176"
"[np.float64(60.8255), np.float64(60.82555), np.float64(60.8256), np.float64(60.825649999999996)]",216510,"[{'Event.Number': '1097', 'Record': '2', 'Event.Time..s.': '60.82555', 'Baseline..pA.': '-335.867715018136', 'Peak..pA.': '-478.515594482422', 'Amplitude..pA.': '-142.647879464286', 'Rise.Time..ms.': '5.95000000000567', 'Half.Width..ms.': '13.0000000000052', 'Decay.Time..ms.': '1.89999999999912', 'Decay.Fit.b0': '-504.257736499738', 'Decay.Fit.b1': '122.608649551342', 'Decay.Fit.Tau..ms.': '32.3342735882748', 'AUC..pA.ms.': '-3344.94018859863', 'rise_max_time': '60.823', 'baseline_time': '60.81685', 'event_index': '216511', 'file_prefix': '2026_04_28_0062', 'event_id': '2026_04_28_0062_ev01097_rec2', 'noise': 'no', 'event_entry_number': '423844', 'corrected_peak_index': 216523, 'corrected_peak_time': np.float64(60.82615), 'corrected_peak_pA': np.float64(-440.0634460449219), 'corrected_peak_amp_pA': np.float64(-104.1957310267859)}]","2026_04_28_0062.abf",216513,2,"1097","2","60.82555","-335.867715018136","-478.515594482422","-142.647879464286","2026_04_28_0062_ev01097_rec2","no","216511","2026_04_28_0062","60.81685","423844"
"[np.float64(63.214749999999995), np.float64(63.2148), np.float64(63.21485), np.float64(63.2149)]",264295,"[{'Event.Number': '1150', 'Record': '2', 'Event.Time..s.': '63.21475', 'Baseline..pA.': '-312.587191627139', 'Peak..pA.': '-397.338836669922', 'Amplitude..pA.': '-84.7516450427827', 'Rise.Time..ms.': '13.4999999999934', 'Half.Width..ms.': '4.30000000000064', 'Decay.Time..ms.': '0.10000000000332', 'Decay.Fit.b0': '-323.861675009344', 'Decay.Fit.b1': '-66.1975329128427', 'Decay.Fit.Tau..ms.': '0.102230032681827', 'AUC..pA.ms.': '-609.592097364153', 'rise_max_time': '63.21475', 'baseline_time': '63.20085', 'event_index': '264295', 'file_prefix': '2026_04_28_0062', 'event_id': '2026_04_28_0062_ev01150_rec2', 'noise': 'no', 'event_entry_number': '423897', 'corrected_peak_index': 264308, 'corrected_peak_time': np.float64(63.2154), 'corrected_peak_pA': np.float64(-328.9794616699219), 'corrected_peak_amp_pA': np.float64(-16.392270042782854)}]","2026_04_28_0062.abf",264298,2,"1150","2","63.21475","-312.587191627139","-397.338836669922","-84.7516450427827","2026_04_28_0062_ev01150_rec2","no","264295","2026_04_28_0062","63.20085","423897"
"[np.float64(81.74965), np.float64(81.7497), np.float64(81.74975), np.float64(81.7498), np.float64(81.74985), np.float64(81.7499), np.float64(81.74995)]",134993,"[{'Event.Number': '1491', 'Record': '3', 'Event.Time..s.': '81.7499', 'Baseline..pA.': '-334.505327587477', 'Peak..pA.': '-340.079073575726', 'Amplitude..pA.': '-5.57374598824896', 'Rise.Time..ms.': '0', 'Half.Width..ms.': '7.40000000000407', 'Decay.Time..ms.': '7.10000000000832', 'Decay.Fit.b0': '-323392.973787978', 'Decay.Fit.b1': '323072.99844948', 'Decay.Fit.Tau..ms.': '137922.77976181', 'AUC..pA.ms.': '-623.654382612267', 'rise_max_time': '81.7499', 'baseline_time': '81.7496', 'event_index': '134998', 'file_prefix': '2026_04_28_0062', 'event_id': '2026_04_28_0062_ev01491_rec3', 'noise': 'no', 'event_entry_number': '424238', 'corrected_peak_index': 135009, 'corrected_peak_time': np.float64(81.75045), 'corrected_peak_pA': np.float64(-328.9794616699219), 'corrected_peak_amp_pA': np.float64(5.525865917555109)}]","2026_04_28_0062.abf",134999,3,"1491","3","81.7499","-334.505327587477","-340.079073575726","-5.57374598824896","2026_04_28_0062_ev01491_rec3","no","134998","2026_04_28_0062","81.7496","424238"
"[np.float64(85.0144), np.float64(85.01445), np.float64(85.0145), np.float64(85.01455)]",200288,"[{'Event.Number': '1552', 'Record': '3', 'Event.Time..s.': '85.01445', 'Baseline..pA.': '-343.395384288969', 'Peak..pA.': '-363.769500732422', 'Amplitude..pA.': '-20.3741164434524', 'Rise.Time..ms.': '0.10000000000332', 'Half.Width..ms.': '30.1499999999919', 'Decay.Time..ms.': '30.0000000000011', 'Decay.Fit.b0': '-346.267505623661', 'Decay.Fit.b1': '5.22228050368913', 'Decay.Fit.Tau..ms.': '6.9993961655758', 'AUC..pA.ms.': '-54.0211995442717', 'rise_max_time': '85.01445', 'baseline_time': '85.01415', 'event_index': '200289', 'file_prefix': '2026_04_28_0062', 'event_id': '2026_04_28_0062_ev01552_rec3', 'noise': 'no', 'event_entry_number': '424299', 'corrected_peak_index': 200301, 'corrected_peak_time': np.float64(85.01505), 'corrected_peak_pA': np.float64(-344.8486022949219), 'corrected_peak_amp_pA': np.float64(-1.4532180059528628)}]","2026_04_28_0062.abf",200291,3,"1552","3","85.01445","-343.395384288969","-363.769500732422","-20.3741164434524","2026_04_28_0062_ev01552_rec3","no","200289","2026_04_28_0062","85.01415","424299"
"[np.float64(60.3534), np.float64(60.353449999999995), np.float64(60.3535), np.float64(60.35355), np.float64(60.3536), np.float64(60.35365)]",207068,"[{'Event.Number': '764', 'Record': '2', 'Event.Time..s.': '60.35365', 'Baseline..pA.': '-716.610802060082', 'Peak..pA.': '-724.487243652344', 'Amplitude..pA.': '-7.87644159226193', 'Rise.Time..ms.': '1.24999999999886', 'Half.Width..ms.': '23.8000000000014', 'Decay.Time..ms.': '13.5499999999951', 'Decay.Fit.b0': '-715.752871573375', 'Decay.Fit.b1': '-10.3442215227976', 'Decay.Fit.Tau..ms.': '13.4415984230259', 'AUC..pA.ms.': '-598.583400036041', 'rise_max_time': '60.34055', 'baseline_time': '60.3392', 'event_index': '207073', 'file_prefix': '2026_06_04_0044', 'event_id': '2026_06_04_0044_ev00764_rec2', 'noise': 'no', 'event_entry_number': '466024', 'corrected_peak_index': 207083, 'corrected_peak_time': np.float64(60.35415), 'corrected_peak_pA': np.float64(-731.2011108398438), 'corrected_peak_amp_pA': np.float64(-14.590308779761699)}]","2026_06_04_0044.abf",207073,2,"764","2","60.35365","-716.610802060082","-724.487243652344","-7.87644159226193","2026_06_04_0044_ev00764_rec2","no","207073","2026_06_04_0044","60.3392","466024"
"[np.float64(35.374449999999996), np.float64(35.3745), np.float64(35.37455)]",207489,"[{'Event.Number': '531', 'Record': '1', 'Event.Time..s.': '35.37445', 'Baseline..pA.': '715.273841494606', 'Peak..pA.': '858.764587402344', 'Amplitude..pA.': '143.490745907738', 'Rise.Time..ms.': '11.1500000000007', 'Half.Width..ms.': '4.80000000000302', 'Decay.Time..ms.': '0.10000000000332', 'Decay.Fit.b0': '743.353214462795', 'Decay.Fit.b1': '111.837168625393', 'Decay.Fit.Tau..ms.': '0.0585552414048307', 'AUC..pA.ms.': '1270.61462402344', 'rise_max_time': '35.37445', 'baseline_time': '35.36295', 'event_index': '207489', 'file_prefix': '2026_06_04_0047', 'event_id': '2026_06_04_0047_ev00531_rec1', 'noise': 'no', 'event_entry_number': '468761', 'corrected_peak_index': 207501, 'corrected_peak_time': np.float64(35.375049999999995), 'corrected_peak_pA': np.float64(751.9530639648438), 'corrected_peak_amp_pA': np.float64(36.67922247023773)}]","2026_06_04_0047.abf",207491,1,"531","1","35.37445","715.273841494606","858.764587402344","143.490745907738","2026_06_04_0047_ev00531_rec1","no","207489","2026_06_04_0047","35.36295","468761"
